<!--
  -  Active response decoders
  -  Author: Daniel Cid.
  -  Copyright (C) 2009 Trend Micro Inc.
  -  Updated by Wazuh, Inc. <support@wazuh.com>.
  -  This program is a free software; you can redistribute it and/or modify it under the terms of GPLv2.
-->

<!-- 
- Examples
Sat May  7 03:17:27 CDT 2011 /var/ossec/active-response/bin/firewall-drop.sh add - 172.16.0.1 1304756247.60385 31151
Sat May  7 03:27:57 CDT 2011 /var/ossec/active-response/bin/firewall-drop.sh delete - 172.16.0.1 1304756247.60385 31151
Sat May  7 03:17:27 CDT 2011 /var/ossec/active-response/bin/host-deny.sh add - 172.16.0.1 1304756247.60385 31151
Sat May  7 03:27:57 CDT 2011 /var/ossec/active-response/bin/host-deny.sh delete - 172.16.0.1 1304756247.60385 31151
Wed Dec  7 18:11:34 UTC 2016 /var/ossec/active-response/bin/route-null.sh add - 192.168.2.4 1481134294.521764 100001
Wed Dec  7 18:12:14 UTC 2016 /var/ossec/active-response/bin/route-null.sh delete - 192.168.2.4 1481134294.521764 100001
Wed Dec  7 19:42:30 UTC 2016 /var/ossec/active-response/bin/restart-ossec.sh add - 10.99.99.12 (from_the_server) (no_rule_id)

Windows:
Wed 12/07/2016 19:39:40.15 "active-response/bin/route-null.cmd" add "-" "10.99.99.12" "(from_the_server) (no_rule_id)"
Wed 12/07/2016 19:40:06.89 "active-response/bin/restart-ossec.cmd" add "-" "10.99.99.12" "(from_the_server) (no_rule_id)"
Wed 12/07/2016 16:48:15.37 "active-response/bin/route-null.cmd" add "-" "192.168.2.66" "1481129296.262924 100001 /home/test.txt (null)"
Wed 12/07/2016 16:48:15.37 "active-response/bin/route-null.cmd" delete "-" "192.168.2.66" "1481129296.262924 100001 /home/test.txt (null)"
-->

<decoder name="ar_log">
  <prematch>^\w\w\w \w+\s+\d+ \d\d:\d\d:\d\d \w+ \d+ /\S+/active-response/bin/|^\w\w\w \d\d/\d\d/\d\d\d\d \.+"active-response/bin/</prematch>
</decoder>

<decoder name="ar_log_fields">
    <parent>ar_log</parent>
    <regex offset="after_parent">^(\S+) (\S+) - (\S+) (\.+) |^(\S+)" (\S+) "-" "(\S+)" "(\.+) </regex>
    <order>script, type, srcip, id</order>
</decoder>

<decoder name="ar_log_fields">
    <parent>ar_log</parent>
    <regex offset="after_regex">^(\d+)|(\.+\))</regex>
    <order>extra_data</order>
</decoder>
