<!--
  -  Amazon decoders
  -  Created by Wazuh, Inc. <support@wazuh.com>.
  -  This program is a free software; you can redistribute it and/or modify it under the terms of GPLv2.
-->

<!--
"AmazonAWS":"eventVersion":"1.03", ... "eventName":"RunInstances","userIdentity":"{u'principalId': u'581201294259', u'accessKeyId': u'ASIAJ4AJ2RPCBPBCWV3Q', u'sessionContext': {u'attributes': {u'creationDate': u'2015-11-26T15:07:04Z', u'mfaAuthenticated': u'false'}}, u'type': u'Root', u'arn': u'arn:aws:iam::581201294259:root', u'accountId': u'581201294259'}","eventSource":"ec2.amazonaws.com", ...

"AmazonAWS":"eventVersion":"1.02","errorCode":"AccessDenied","eventTime":"2015-12-03T17:14:18Z","requestParameters":"None","eventType":"AwsApiCall","errorMessage":"User: arn:aws:iam::581201294259:user/test is not authorized to perform: iam:CreateRole on resource: arn:aws:iam::581201294259:role/test","responseElements":"None","awsRegion":"us-east-1","eventName":"CreateRole","userIdentity":"{u'userName': u'test', u'principalId': u'AIDAJFYABM3JXNZ6J323Q', u'accessKeyId': u'ASIAJSIJMQVFH3BM2U4Q', u'invokedBy': u'signin.amazonaws.com', u'sessionContext': {u'attributes': {u'creationDate': u'2015-12-03T15:25:19Z', u'mfaAuthenticated': u'false'}}, u'type': u'IAMUser', u'arn': u'arn:aws:iam::581201294259:user/test', u'accountId': u'581201294259'}","eventSource":"iam.amazonaws.com","requestID":"49795e4f-99e1-11e5-9e7f-7997a85cbaf0","userAgent":"signin.amazonaws.com","eventID":"78a26d39-9c9d-45b8-9d39-5897259dd084","sourceIPAddress":"70.50.142.110","recipientAccountId":"581201294259"

"AmazonAWS":"eventVersion":"1.02","eventID":"c0719288-a6d1-4ca0-afad-e65befa879d5","eventTime":"2015-12-01T00:16:20Z","additionalEventData":"{u'MFAUsed': u'No', u'LoginTo': u'https://console.aws.amazon.com/console/home?state=hashArgs%23&isauthcode=true', u'MobileVersion': u'No'}","requestParameters":"None","eventType":"AwsConsoleSignIn","responseElements":"{u'ConsoleLogin': u'Success'}","awsRegion":"us-east-1","eventName":"ConsoleLogin","userIdentity":"{u'userName': u'yokatan', u'type': u'IAMUser', u'arn': u'arn:aws:iam::581201294259:user/yokatan', u'principalId': u'AIDAJJXQQOYWDZ6MBJXWI', u'accountId': u'581201294259'}","eventSource":"signin.amazonaws.com","userAgent":"Mozilla/5.0 (Macintosh; Intel Mac OS X 10_11_2) AppleWebKit/537.36 (KHTML, like Gecko) Chrome/46.0.2490.86 Safari/537.36","sourceIPAddress":"00.50.142.110","recipientAccountId":"581201294259"

-->

<decoder name="AmazonAWS">
    <prematch>^"AmazonAWS":</prematch>
</decoder>

<decoder name="AmazonAWS-consolelogin-fields">
    <parent>AmazonAWS</parent>
    <prematch>"eventName":"ConsoleLogin"</prematch>
    <regex>"eventName":"(\S+)"\.+"userIdentity":"{u'\.+': u'(\S+)'</regex>
    <order>action,user</order>
</decoder>

<decoder name="AmazonAWS-generic-fields">
    <parent>AmazonAWS</parent>
    <prematch>"eventName":</prematch>
    <regex>"eventName":"(\S+)"\.+"userIdentity":"{u'\.+': u'(\S+)'\.+'accessKeyId': u'(\S+)'</regex>
    <order>action,user,id</order>
</decoder>
