<!--
  -  FTPD decoders
  -  Author: Daniel Cid.
  -  Copyright (C) 2009 Trend Micro Inc.
  -  Updated by Wazuh, Inc. <support@wazuh.com>.
  -  This program is a free software; you can redistribute it and/or modify it under the terms of GPLv2.
-->


<!--
  - Examples:
  - Dec 21 12:21:20 hostname ftpd[811166]: refused connect from 88.225.42.182
  - Dec 21 12:21:20 hostname in.ftpd[18561]: [ID 484914 daemon.notice] gethostbyaddr: nameservices.net. != 216.117.134.168
  - Dec 21 12:21:20 hostname ftpd[31918]: FTPD: EXPORT file local , remote
  - Dec 21 12:21:20 hostname ftpd[323115]: login jones_b from client.example.org failed.
  -->
<decoder name="ftpd">
  <program_name>^ftpd|^in.ftpd</program_name>
</decoder>

<decoder name="ftpd-mac-failure">
  <parent>ftpd</parent>
  <prematch>^Failed authentication from: \S+ |</prematch>
  <prematch>^repeated login failures from </prematch>
  <!--<regex offset="after_prematch">(\S+)</regex>-->
  <regex offset="after_prematch">^\S+ [(\S+)]$|^(\S+)</regex>
  <order>srcip</order>
</decoder>

<decoder name="ftpd-refused">
  <parent>ftpd</parent>
  <prematch>^FTP LOGIN REFUSED </prematch>
  <regex offset="after_prematch">[(\S+)]$</regex>
  <order>srcip</order>
</decoder>

<decoder name="ftpd-tru64">
  <parent>ftpd</parent>
  <prematch>^login \S+ from \S+ failed.</prematch>
  <regex>^login (\S+) from (\S+) failed.$</regex>
  <order>user, srcip</order>
</decoder>

<decoder name="ftpd-ip">
  <parent>ftpd</parent>
  <regex>from (\S+)$</regex>
  <order>srcip</order>
</decoder>
