<!--
  -  Imperva decoders
  -  Created by Wazuh, Inc. <support@wazuh.com>.
  -  This program is a free software; you can redistribute it and/or modify it under the terms of GPLv2.
-->

<!--
Aug  9 00:02:03 host1 Imperva: act=None dst=10.10.10.11 dpt=443 src=54.54.54.11 spt=34248 proto=TCP event#=4699905322851714444 eventType=http,eventSev=Medium,rt=Aug 08 2016 22:22:02 cat=Alert cs1=Suspicious Response Code cs1Label=Policy cs2=MQ-PAYMENT-API

Mapping:
act       -> action: 'None'
dst       -> dstip: '10.10.10.11'
src       -> srcip: '54.54.54.11'
proto     -> proto: 'TCP'
eventType -> id: 'http'
eventSev  -> status: 'Medium'
cs1       -> extra_data: 'Suspicious Response Code'
cs2       -> url: 'MQ-PAYMENT-API'
-->

<decoder name="imperva">
    <program_name>Imperva</program_name>
</decoder>
<decoder name="imperva-event">
    <parent>imperva</parent>
    <regex offset="after_parent">act=(\S+) dst=(\S+) dpt=\S+ src=(\S+) spt=\S+ proto=(\S+) \S+ eventType=(\S+),eventSev=(\S+),\S+ \S+ \S+ \S+ \S+ cs1=(\.+) cs1Label=\S+ cs2=(\.+)</regex>
    <order>action,dstip,srcip,protocol,id,status,extra_data,url</order>
</decoder>

<!-- Imperva decoders END -->
