<!--
  -  Kernel decoders
  -  Author: Daniel Cid.
  -  Copyright (C) 2009 Trend Micro Inc.
  -  Updated by Wazuh, Inc. <support@wazuh.com>.
  -  This program is a free software; you can redistribute it and/or modify it under the terms of GPLv2.
-->


<!--
  - Will extract the srcip, dstip, srcport, dstport, protocol
  - Examples:
  - kernel: FIREWALL_OUT IN= OUT=eth0
    SRC=192.168.6.57 DST=216.161.248.225 LEN=40 TOS=0x00 PREC=0x00 TTL=64
    ID=18547 DF PROTO=TCP SPT=46388 DPT=37628 WINDOW=6930 RES=0x00 ACK RST
    URGn=0
  - kernel: IPTABLE IN=eth0 OUT= MAC=ff:ff:ff:ff:ff:ff:00:03:93:db:2e:b4:08:00
    SRC=10.4.11.40 DST=255.255.255.255 LEN=180 TOS=0x00 PREC=0x00 TTL=64
    ID=4753 PROTO=UDP SPT=49320 DPT=2222 LEN=160
  - kernel: [4475569.016000] IN= OUT=lo SRC=192.168.2.11 DST=192.168.2.11
    LEN=52 TOS=0x10 PREC=0x00 TTL=64 ID=49546 DF PROTO=TCP SPT=43068
    DPT=22 WINDOW=8192 RES=0x00 ACK URGP=0
  - Aug 17 10:03:37 myhostname kernel: SFW2-INext-DROP-DEFLT IN=eth0 OUT= MAC=00:08:02:da:c8:51:00:0f:f7:74:31:8a:08:00 SRC=1.2.3.36 DST=1.2.3.194 LEN=28 TOS=0x00 PREC=0x00 TTL=44 ID=60200 PROTO=ICMP TYPE=8 CODE=0 ID=10466 SEQ=21229
  -->
<decoder name="kernel">
   <program_name>^kernel</program_name>
</decoder>

<decoder name="iptables-1">
   <parent>kernel</parent>
   <type>firewall</type>
   <prematch>^[\d+.\d+] \S+ IN=</prematch>

   <regex>^[\d+.\d+] (\S+) \.+ SRC=(\S+) DST=(\S+)</regex>
   <regex> \.+ PROTO=(\w+) </regex>
   <order>action,srcip,dstip,protocol</order>
</decoder>

<decoder name="iptables-1">
   <parent>kernel</parent>
   <type>firewall</type>
   <regex offset="after_regex">^SPT=(\d+) DPT=(\d+) </regex>
   <order>srcport,dstport</order>
</decoder>

<decoder name="iptables-2">
   <parent>kernel</parent>
   <type>firewall</type>
   <prematch>^\S+ IN=</prematch>

   <regex>^(\S+) \.+ SRC=(\S+) DST=(\S+) \.+ </regex>
   <regex>PROTO=(\w+) </regex>
   <order>action,srcip,dstip,protocol</order>
</decoder>

<decoder name="iptables-2">
   <parent>kernel</parent>
   <type>firewall</type>
   <regex offset="after_regex">^SPT=(\d+) DPT=(\d+) </regex>
   <order>srcport,dstport</order>
</decoder>

<decoder name="iptables-shorewall">
   <parent>kernel</parent>
   <type>firewall</type>
   <prematch>^Shorewall:\S+:</prematch>

   <regex offset="after_prematch">^(\S+):\.+ SRC=(\S+) DST=(\S+) \.+ </regex>
   <regex>PROTO=(\w+) </regex>
   <order>action,srcip,dstip,protocol</order>
</decoder>

<decoder name="iptables-shorewall">
   <parent>kernel</parent>
   <type>firewall</type>
   <regex offset="after_regex">^SPT=(\d+) DPT=(\d+) </regex>
   <order>srcport,dstport</order>
</decoder>

<decoder name="iptables-shorewall2">
  <parent>kernel</parent>
  <type>firewall</type>
  <prematch>^\p\S+\p Shorewall:\S+:</prematch>
  <regex offset="after_prematch">^(\S+):\.+ SRC=(\S+) DST=(\S+) \.+ </regex>
  <regex>PROTO=(\w+) </regex>
  <order>action,srcip,dstip,protocol</order>
</decoder>


<!-- OpenWRT firewall
Tested on OpenWRT with Chaos Calmer 15.05 with firewall logging to syslog.
Example:
 - Nov 18 13:39:49 OpenWRT kernel: [10051.313745] DROP(src wan)IN=eth0 OUT= MAC=c2:56:27:73:33:cf:c4:f0:81:b0:93:24:08:00 SRC=205.205.205.205 DST=192.168.8.100 LEN=44 TOS=0x00 PREC=0x00 TTL=31 ID=8549 PROTO=TCP SPT=40952 DPT=23 WINDOW=64144 RES=0x00 SYN URGP=0 MARK=0xff00
-->

<decoder name="iptables-OpenWRT">
   <parent>kernel</parent>
   <type>firewall</type>
   <prematch>^[\d+.\d+] \S+\.*IN=</prematch>
   <regex>^[\d+.\d+] (\S*)\(</regex>
   <order>action</order>
</decoder>

<decoder name="iptables-OpenWRT">
   <parent>kernel</parent>
   <type>firewall</type>
   <regex offset="after_regex">SRC=(\S+) DST=(\S+)</regex>
   <order>srcip,dstip</order>
</decoder>

<decoder name="iptables-OpenWRT">
   <parent>kernel</parent>
   <type>firewall</type>
   <regex offset="after_regex">PROTO=(\w+)</regex>
   <order>protocol</order>
</decoder>

<decoder name="iptables-OpenWRT">
   <parent>kernel</parent>
   <type>firewall</type>
   <regex offset="after_regex">SPT=(\d+) DPT=(\d+) </regex>
   <order>srcport,dstport</order>
</decoder>

<!-- apparmor
  - Jun 24 10:35:29 hostname kernel: [49787.970285] audit: type=1400 audit(1403598929.839:88986): apparmor="ALLOWED" operation="getattr" profile="/usr/sbin/dovecot//null-1//null-2//null-4a6" name="/home/admin/mails/new/" pid=19973 comm="imap" requested_mask="r" denied_mask="r" fsuid=1003 ouid=1003
  - Jul 14 11:03:47 hostname kernel: [ 8665.951930] type=1400 audit(1405328627.702:54): apparmor="DENIED" operation="open" profile="/usr/bin/evince" name="/etc/xfce4/defaults.list" pid=16418 comm="evince" requested_mask="r" denied_mask="r" fsuid=1000 ouid=0
  - Jun 16 17:37:39 hostname kernel: [891880.587623] audit: type=1400 audit(1402933059.038:1681857): apparmor="ALLOWED" operation="exec" profile="/usr/sbin/dovecot//null-1fde//null-1fdf" name="/usr/lib/dovecot/pop3-login" pid=13903 comm="dovecot" requested_mask="x" denied_mask="x" fsuid=0 ouid=0 target="/usr/sbin/dovecot//null-1fde//null-1fdf//null-6b18"
  - Jun 16 17:37:39 hostname kernel: [891880.587957] audit: type=1400 audit(1402933059.038:1681858): apparmor="ALLOWED" operation="open" profile="/usr/sbin/dovecot//null-1fde//null-1fdf//null-6b18" name="/usr/lib/dovecot/libdovecot-login.so.0.0.0" pid=13903 comm="pop3-login" requested_mask="r" denied_mask="r" fsuid=0 ouid=0
  - Jun 16 17:37:39 hostname kernel: [891880.587976] audit: type=1400 audit(1402933059.038:1681859): apparmor="ALLOWED" operation="getattr" profile="/usr/sbin/dovecot//null-1fde//null-1fdf//null-6b18" name="/usr/lib/dovecot/libdovecot-login.so.0.0.0" pid=13903 comm="pop3-login" requested_mask="r" denied_mask="r" fsuid=0 ouid=0
  - Jun 16 17:37:39 hostname kernel: [891880.587989] audit: type=1400 audit(1402933059.038:1681860): apparmor="ALLOWED" operation="file_mmap" profile="/usr/sbin/dovecot//null-1fde//null-1fdf//null-6b18" name="/usr/lib/dovecot/libdovecot-login.so.0.0.0" pid=13903 comm="pop3-login" requested_mask="mr" denied_mask="mr" fsuid=0 ouid=0
  - Jun 23 20:46:15 hostname kernel: [   11.103248] audit: type=1400 audit(1403549175.177:2): apparmor="STATUS" operation="profile_load" name="/sbin/klogd" pid=2185 comm="apparmor_parser"
  - Jun 16 17:37:39 hostname kernel: [891880.587989] audit: type=1400 audit(1314853822.672:33649): apparmor="DENIED" operation="mknod" parent=27250 profile="/usr/lib/apache2/mpm-prefork/apache2//example.com" name="/usr/share/wordpress/1114140474e5f13bea68a4.tmp" pid=27289 comm="apache2" requested_mask="c" denied_mask="c" fsuid=33 ouid=33
  - Jun 16 17:37:39 hostname kernel: [891880.587989] audit: type=1400 audit(1315353795.331:33657): apparmor="DENIED" operation="exec" parent=14952 profile="/usr/lib/apache2/mpm-prefork/apache2//example.com" name="/usr/lib/sm.bin/sendmail" pid=14953 comm="sh" requested_mask="x" denied_mask="x" fsuid=33 ouid=0
-->

<decoder name="apparmor">
  <parent>kernel</parent>
  <prematch> apparmor=</prematch>
  <regex> apparmor="(\S+)" operation="(\S+)"</regex>
  <order>status, extra_data</order>
</decoder>


<!--
mptscsih \ mptbase decoder

Description: module for SCSI controllers.

Examples:
[ 5008.286061] mptscsih: ioc0: task abort: FAILED (rv=2003) (sc=ffff88007a8a9f00)

[ 6498.769248] mptbase: ioc0: RAID STATUS CHANGE for PhysDisk 1 id=8
[ 6498.769252] mptbase: ioc0:   PhysDisk is now failed, out of sync

[ 6498.775783] mptbase: ioc0: RAID STATUS CHANGE for VolumeID 0
[ 6498.775788] mptbase: ioc0:   volume is now degraded, enabled
-->
<decoder name="mptscsih-1">
  <parent>kernel</parent>
  <prematch>^[\s\d+.\d+] mptscsih: </prematch>
  <regex>^[\s\d+.\d+] (\w+): (\w+): task abort: (\w+)</regex>
  <order>id,data,status</order>
</decoder>

<decoder name="mptbase-1">
  <parent>kernel</parent>
  <prematch>^[\s\d+.\d+] mptbase: </prematch>
  <regex>^[\s\d+.\d+] (\w+): (\w+):\s+\w+ is now (\w+)\p\s(\D+)$</regex>
  <order>id,data,action,status</order>
</decoder>


<!--
USB

Feb  3 10:23:08 testsys kernel: usb 1-1.2: New USB device found, idVendor=0781, idProduct=5575
-->
<decoder name="usb-storage-attached">
    <parent>kernel</parent>
    <prematch offset="after_parent">^usb</prematch>
    <regex offset="after_parent">^(usb) </regex>
    <order>id</order>
</decoder>
