<!--
  -  NTP decoders
  -  Author: Daniel Cid.
  -  Copyright (C) 2009 Trend Micro Inc.
  -  Updated by Wazuh, Inc. <support@wazuh.com>.
  -  This program is a free software; you can redistribute it and/or modify it under the terms of GPLv2.
-->


<!--
  - gorilla ntpd[27379]: bad sensor nmea0
  - tiny ntpd[25875]: bad peer 192.168.1.233 (192.168.1.233)
  - gorilla ntpd[29719]: bind on 192.168.1.233 failed, skipping: Can't assign requested address
  - ix ntpd[8392]: bind on 192.168.17.9 failed, skipping: Address already in use
  - ix ntpd[11685]: bad peer from pool pool.ntp.org (64.73.32.135)
  - richese ntpd[3465]: bad peer ix (192.168.17.9)
  - ix ntpd[11685]: bad peer from pool pool.ntp.org (69.50.219.51)
  - ix ntpd[7045]: recvmsg 192.168.17.17: Connection refused
  - ix ntpd[29411]: 2 out of 3 peers valid
  - bridge ntpd[5877]: logconfig: illegal argument  - ignored
  - bridge ntpd[5902]: offset 0.000000 sec freq 0.000 ppm error 0.000011 poll 6
-->
<decoder name="ntpd">
  <program_name>^ntpd</program_name>
</decoder>

<decoder name="ntpd-bad-peer">
  <parent>ntpd</parent>
  <prematch offset="after_parent">^bad peer </prematch>
  <regex>^bad peer \S+ \p(\S+)\p$|^bad peer from pool \S+ \p(\S+)\p$</regex>
  <order>srcip</order>
</decoder>
