<!--
  -  OSSEC decoders
  -  Author: Daniel Cid.
  -  Copyright (C) 2009 Trend Micro Inc.
  -  Updated by Wazuh, Inc. <support@wazuh.com>.
  -  This program is a free software; you can redistribute it and/or modify it under the terms of GPLv2.
-->


<!-- Deals with ossec internal messages. -->
<decoder name="ossec">
  <prematch>^ossec: </prematch>
  <type>ossec</type>
</decoder>

<decoder name="ossec-logcollector">
  <type>ossec</type>
  <prematch>^\d\d\d\d/\d\d/\d\d \d\d:\d\d:\d\d ossec-logcollector</prematch>
  <regex offset="after_prematch">^\(\d+\): (\.)</regex>
  <order>extra_data</order>
</decoder>

<decoder name="ossec-agent">
  <parent>ossec</parent>
  <type>ossec</type>
  <prematch offset="after_parent">^Agent started:</prematch>
  <regex offset="after_prematch">^ '(\S+)'</regex>
  <order>extra_data</order>
  <fts>name, location, extra_data</fts>
</decoder>

<decoder name="ossec-alert1">
   <parent>ossec</parent>
   <prematch>^ossec: Alert Level:</prematch>
   <plugin_decoder>OSSECAlert_Decoder</plugin_decoder>
</decoder>

<decoder name="ossec-alert">
  <program_name>^ossec$</program_name>
  <plugin_decoder>OSSECAlert_Decoder</plugin_decoder>
</decoder>

<decoder name="ossec-authd">
  <parent>ossec</parent>
  <type>ossec</type>
  <prematch offset="after_parent">^Duplicated IP</prematch>
  <regex offset="after_prematch">^ (\S+)$</regex>
  <order>srcip</order>
</decoder>
