<!--
  -  Postfix decoders
  -  Author: Daniel Cid.
  -  Copyright (C) 2009 Trend Micro Inc.
  -  Updated by Wazuh, Inc. <support@wazuh.com>.
  -  This program is a free software; you can redistribute it and/or modify it under the terms of GPLv2.
-->


<!--
  - Will extract the srcip
  - Examples:
  - postfix/smtpd[32297]: NOQUEUE: reject: RCPT from unknown[213.255.237.245]: 554
    <ce101@ce.metu.edu.tr>: Relay access denied; from=<kryonomm@yahoo.com>
    to=<e10445@jubiipost.dk> proto=SMTP helo=<SM01.net>
  - postfix/smtpd[472]: warning: 199.249.24.179.list.dsbl.org: RBL lookup error: Host or domain name not found. Name service error for name=199.249.24.179.list.dsbl.org type=A: Host not found, try again
  - postfix/smtpd[5268]: warning: 89.248.162.178: hostname no-reverse-dns-configured.com verification failed: Name or service not known
  - postfix/smtpd[32655]: warning: Illegal address syntax from unknown[157.122.148.252] in MAIL command: <adgjlo@78.41.116.116>
  - postfix/smtpd[32655]: too many errors after RCPT from unknown[157.122.148.252]
  - May  8 08:26:55 mail postfix/smtpd[27712]: NOQUEUE: reject: MAIL from localhost[127.0.0.1]: 452 Insufficient system storage
  - May  8 08:26:55 mail postfix/postscreen[22055]: NOQUEUE: reject: RCPT from [157.122.148.242]:47407: 550 5.7.1 Service unavailable...
 -->

<decoder name="postfix">
  <program_name>^postfix</program_name>
</decoder>

<decoder name="postfix-reject">
  <use_own_name>true</use_own_name>
  <parent>postfix</parent>
  <prematch>^NOQUEUE: reject: \w\w\w\w from </prematch>
  <regex offset="after_prematch">[(\S+)]: (\d+) |[(\S+)]:\d+: (\d+) </regex>
  <order>srcip,id</order>
</decoder>

<decoder name="postfix-sasl">
  <parent>postfix</parent>
  <prematch>^warning: \S+: SASL </prematch>
  <regex>^warning: \S+[(\S+)]:</regex>
  <order>srcip</order>
</decoder>

<decoder name="postfix-warning">
  <use_own_name>true</use_own_name>
  <parent>postfix</parent>
  <prematch>^warning:</prematch>
  <regex>^warning: (\S+)|warning: Illegal address syntax from unknown[(\S+)]</regex>
  <order>srcip</order>
</decoder>
