<!--
  -  Samba decoders
  -  Author: Daniel Cid.
  -  Copyright (C) 2009 Trend Micro Inc.
  -  Updated by Wazuh, Inc. <support@wazuh.com>.
  -  This program is a free software; you can redistribute it and/or modify it under the terms of GPLv2.
-->


<!--
 - Will extraxt the username/srcip
 - Examples:
 - Oct 22 10:12:33 junction smbd[832]: Denied connection from (192.168.3.23)
 - smbd[832]: Connection denied from 0.0.0.0
 - smbd[17535]: Permission denied\-\- user not allowed to delete,
   pause, or resume print job. User name: ahmet. Printer name: prnq1.
  -->

<decoder name="smbd">
  <program_name>^smbd</program_name>
</decoder>

<decoder name="smbd-user">
  <parent>smbd</parent>
  <prematch>User name:</prematch>
  <regex offset="after_prematch">^ (\S+).</regex>
  <order>user</order>
</decoder>

<decoder name="smbd-ip">
  <parent>smbd</parent>
  <prematch>from \(</prematch>
  <regex> from \((\S+)\)</regex>
  <order>srcip</order>
</decoder>

<decoder name="smbd-from">
  <parent>smbd</parent>
  <prematch> from (\S+)$</prematch>
  <regex> from (\S+)$</regex>
  <order>srcip</order>
</decoder>

<decoder name="smbd-client">
  <parent>smbd</parent>
  <prematch>to client \S+.</prematch>
  <regex>to client (\S+). </regex>
  <order>srcip</order>
</decoder>

<decoder name="nmbd">
  <program_name>^nmbd</program_name>
</decoder>
