<!--
  -  Sophos Anti-Virus decoders
  -  Created by Wazuh, Inc. <support@wazuh.com>.
  -  This program is a free software; you can redistribute it and/or modify it under the terms of GPLv2.
-->

<!--
Sophos Anti-Virus
SAV.txt
https://community.sophos.com/kb/en-us/43391

20160806 050000	Scan 'Sophos Cloud Scheduled Scan' started.
20160806 052043	Scan 'Sophos Cloud Scheduled Scan' completed.
20160805 175034	User (NT AUTHORITY\SYSTEM) has stopped on-access scanning for this machine.
20160805 175143	Using detection data version 5.29 (detection engine 3.65.2). This version can detect 11628132 items.
 -->

<decoder name="sophos">
    <prematch>^\d\d\d\d\d\d\d\d \d\d\d\d\d\d\tScan|^\d\d\d\d\d\d\d\d \d\d\d\d\d\d\tUser|^\d\d\d\d\d\d\d\d \d\d\d\d\d\d\tUsing</prematch>
</decoder>

<decoder name="sophos-user">
    <parent>sophos</parent>
    <prematch>User</prematch>
    <regex offset="after_parent">\((\.+)\) has</regex>
    <order>srcuser</order>
</decoder>

<decoder name="sophos-update">
    <parent>sophos</parent>
    <prematch>detection</prematch>
    <regex offset="after_parent"> detection data version (\.+) </regex>
    <order>extra_data</order>
</decoder>
