<!--
  -  Su decoders
  -  Author: Daniel Cid.
  -  Copyright (C) 2009 Trend Micro Inc.
  -  Updated by Wazuh, Inc. <support@wazuh.com>.
  -  This program is a free software; you can redistribute it and/or modify it under the terms of GPLv2.
-->


<!-- 
  -  Will extract the username.
  -  Examples:
  -  su[2921936]: failed: ttyq4 changing from ldap to root
  -  su[234]: BAD SU ger to fwmaster on /dev/ttyp0
  -  su(pam_unix)[23164]: authentication failure; logname= uid=1342 euid=0 tty= ruser=dcid rhost=  user=osaudit
  -  su(pam_unix)[2298]: authentication failure; logname= uid=1342 euid=0 tty= ruser=dcid rhost=  user=root
  -  Jul  5 12:17:38 lili su[2702]: - pts/5 ab-dc-root
  -  Jul  5 12:13:15 lili su[2614]: - pts/6 dcid-root
  -  su[29149]: + pts/5 dcid:root
  -  SU 07/23 01:24 + pts/4 lcid-root
  -  Apr 22 17:51:51 enigma su: dcid to root on /dev/ttyp1
  - 'su root' failed for chapman on /dev/pts/1
  -  Dec  1 12:16:05 ip-10-0-0-220 su[2601]: FAILED su for god by root
  -->
<decoder name="su">
  <program_name>^su$</program_name>
</decoder>

<decoder name="su-detail">
  <parent>su</parent>
  <prematch>^'su </prematch>
  <regex>^'su (\S+)' \S+ for (\S+) on \S+$</regex>
  <order>dstuser, srcuser</order>
  <fts>name, srcuser, location</fts>
</decoder>

<decoder name="su-ldap">
  <parent>su</parent>
  <prematch>pam_ldap</prematch>
  <regex>user "uid=(\S+),</regex>
  <order>user</order>
</decoder>

<decoder name="su">
  <prematch>^SU \S+ \S+ </prematch>
  <regex offset="after_prematch">^\S \S+ (\S+)-(\S+)$</regex>
  <order>srcuser, dstuser</order>
  <fts>name, srcuser, location</fts>
</decoder>

<decoder name="su-fail">
  <parent>su</parent>
  <prematch>^FAILED su for \S+ by</prematch>
  <regex>for (\S+) by (\S+)</regex>
  <order>dstuser, srcuser</order>
</decoder>

<decoder name="su-detail2">
  <parent>su</parent>
  <prematch> </prematch>
  <regex>^BAD SU (\S+) to (\S+) on|</regex>
  <regex>^failed: \S+ changing from (\S+) to (\S+)|</regex>
  <regex>^\S \S+ (\S+)\p(\S+)$|^(\S+) to (\S+) on </regex>
  <order>srcuser, dstuser</order>
  <fts>name, srcuser, location</fts>
</decoder>
