<!--
  -  Vpopmail decoders
  -  Author: Ceg Ryan <cegryan ( at ) gmail.com>.
  -  Copyright (C) 2009 Trend Micro Inc.
  -  Updated by Wazuh, Inc. <support@wazuh.com>.
  -  This program is a free software; you can redistribute it and/or modify it under the terms of GPLv2.
-->


<!-- 
  - Examples:
  - vpopmail[32485]: vchkpw-pop3: password fail abc@xxx.com:x.x.x.x
  - vpopmail[32485]: vchkpw-2110 password fail abc@xxx.com:x.x.x.x
  -                  vchkpw-pop3: password fail (pass: 'test') user@my_domain:1.2.3.4
  - vpopmail[2100]: vchkpw-pop3: vpopmail user not found abc@xxx.com:x.x.x.x
  - vpopmail[4162]: vchkpw-pop3: vpopmail user not found support@:69.3.64.3
  -->
<decoder name="vpopmail">
  <program_name>^vpopmail</program_name>
</decoder>

<decoder name="vpopmail-fail">
  <parent>vpopmail</parent>
  <prematch>^vchkpw-\S+: password fail</prematch>
  <regex offset="after_prematch"> (\S+)@\S+:(\S+)$</regex>
  <order>user, srcip</order>
</decoder>

<decoder name="vpopmail-notfound">
  <parent>vpopmail</parent>
  <prematch>^vchkpw-\S+: vpopmail user not </prematch>
  <regex offset="after_prematch">^found (\S+):(\S+)$</regex>
  <order>user, srcip</order>
</decoder>

<decoder name="vpopmail-empty">
  <parent>vpopmail</parent>
  <prematch>^vchkpw-\S+: null password </prematch>
  <regex offset="after_prematch">^given (\S+):(\S+)$</regex>
  <order>user, srcip</order>
</decoder>

<decoder name="vpopmail-success">
  <parent>vpopmail</parent>
  <prematch>^vchkpw-\S+: \(\S+\) login </prematch>
  <regex offset="after_prematch">^success (\S+):(\S+)$</regex>
  <order>user, srcip</order>
</decoder>
