<!--
  -  Mailscanner rules
  -  Author: Daniel Cid.
  -  Copyright (C) 2009 Trend Micro Inc.
  -  Updated by Wazuh, Inc. <support@wazuh.com>.
  -  This program is a free software; you can redistribute it and/or modify it under the terms of GPLv2.
-->

<group name="syslog,mailscanner,">
  <rule id="3700" level="0">
    <decoded_as>mailscanner</decoded_as>
    <description>Grouping of mailscanner rules.</description>
  </rule>

  <rule id="3701" level="0">
    <if_sid>3700</if_sid>
    <action>not</action>
    <description>mailscanner: Non spam message. Ignored.</description>
  </rule>

  <rule id="3702" level="5">
    <if_sid>3700</if_sid>
    <action>spam</action>
    <description>mailscanner: spam detected.</description>
    <group>spam,</group>
  </rule>

  <rule id="3751" level="6" frequency="6" timeframe="180">
    <if_matched_sid>3702</if_matched_sid>
    <same_source_ip />
    <description>mailscanner: Multiple attempts of spam.</description>
    <group>multiple_spam,pci_dss_10.6.1,</group>
  </rule>
</group>
