<!--
  -  Courier rules
  -  Author: Daniel Cid.
  -  Copyright (C) 2009 Trend Micro Inc.
  -  Updated by Wazuh, Inc. <support@wazuh.com>.
  -  This program is a free software; you can redistribute it and/or modify it under the terms of GPLv2.
-->

<group name="syslog,courier,">
  <rule id="3900" level="0">
    <decoded_as>courier</decoded_as>
    <description>Grouping for the courier rules.</description>
  </rule>

  <rule id="3901" level="3">
    <if_sid>3900</if_sid>
    <match>^Connection, </match>
    <description>New courier (imap/pop3) connection.</description>
    <group>connection_attempt,pci_dss_10.6.1,</group>
  </rule>

  <rule id="3902" level="5">
    <if_sid>3900</if_sid>
    <match>^LOGIN FAILED,| FAILED:</match>
    <description>Courier (imap/pop3) authentication failed.</description>
    <group>authentication_failed,pci_dss_10.2.4,pci_dss_10.2.5,</group>
  </rule>

  <rule id="3903" level="0">
    <if_sid>3900</if_sid>
    <match>^LOGOUT,|^DISCONNECTED</match>
    <description>Courier logout/timeout.</description>
    <group>pci_dss_8.1.5,</group>
  </rule>

  <rule id="3904" level="3">
    <if_sid>3900</if_sid>
    <match>^LOGIN,</match>
    <description>Courier (imap/pop3) authentication success.</description>
    <group>authentication_success,pci_dss_10.2.5,</group>
  </rule>

  <rule id="3910" level="10" frequency="10" timeframe="30">
    <if_matched_sid>3902</if_matched_sid>
    <description>Courier brute force (multiple failed logins).</description>
    <group>authentication_failures,pci_dss_10.2.4,pci_dss_10.2.5,pci_dss_11.4,</group>
    <same_source_ip />
  </rule>

  <rule id="3911" level="10" frequency="15" timeframe="30">
    <if_matched_sid>3901</if_matched_sid>
    <same_source_ip />
    <description>Courier: Multiple connection attempts from same source.</description>
    <group>recon,pci_dss_10.6.1,pci_dss_11.4,</group>
  </rule>
</group>
