<!--
  -  Solaris BSM Auditing rules
  -  Author: Daniel Cid.
  -  Copyright (C) 2009 Trend Micro Inc.
  -  Updated by Wazuh, Inc. <support@wazuh.com>.
  -  This program is a free software; you can redistribute it and/or modify it under the terms of GPLv2.
-->

<group name="syslog,solaris_bsm,">
  <rule id="6100" level="0">
    <decoded_as>solaris_bsm</decoded_as>
    <description>Solaris BSM Auditing messages grouped.</description>
  </rule>

  <rule id="6101" level="5">
    <if_sid>6100</if_sid>
    <status>^failed</status>
    <description>Solaris: Auditing session failed.</description>
  </rule>

  <rule id="6102" level="0">
    <if_sid>6100</if_sid>
    <status>^ok</status>
    <description>Solaris: Auditing session succeeded.</description>
  </rule>

  <rule id="6103" level="3">
    <if_sid>6102</if_sid>
    <match>^login</match>
    <description>Solaris: Login session succeeded.</description>
    <group>authentication_success,pci_dss_10.2.5,</group>
  </rule>

  <rule id="6104" level="5">
    <if_sid>6101</if_sid>
    <match>^login</match>
    <description>Solaris: Login session failed.</description>
    <group>authentication_failed,pci_dss_10.2.4,pci_dss_10.2.5,</group>
  </rule>

  <rule id="6105" level="3">
    <if_sid>6102</if_sid>
    <match>^su </match>
    <description>Solaris: User successfully changed UID.</description>
    <group>authentication_success,pci_dss_10.2.5,</group>
  </rule>

  <rule id="6106" level="5">
    <if_sid>6103</if_sid>
    <match>^su </match>
    <description>Solaris: User failed to change UID (user id).</description>
    <group>authentication_failed,pci_dss_10.2.4,pci_dss_10.2.5,</group>
  </rule>
</group>
