<!--
  -  Symantec AV rules
  -  Author: Daniel Cid.
  -  Copyright (C) 2009 Trend Micro Inc.
  -  Updated by Wazuh, Inc. <support@wazuh.com>.
  -  This program is a free software; you can redistribute it and/or modify it under the terms of GPLv2.
-->

<group name="symantec,">
  <rule id="7300" level="0">
    <decoded_as>symantec-av</decoded_as>
    <description>Grouping of Symantec AV rules.</description>
  </rule>

  <rule id="7301" level="0">
    <category>windows</category>
    <extra_data>^Symantec AntiVirus</extra_data>
    <description>Grouping of Symantec AV rules from eventlog.</description>
  </rule>

  <rule id="7310" level="9">
    <if_sid>7300, 7301</if_sid>
    <id>^5$|^17$</id>
    <group>virus,pci_dss_5.1,pci_dss_5.2,pci_dss_11.4,</group>
    <description>Symantec-AV: Virus detected.</description>
  </rule>

  <rule id="7320" level="3">
    <if_sid>7300, 7301</if_sid>
    <id>^2$|^3$|^4$|^13$</id>
    <description>Symantec-AV: Virus scan updated,started or stopped.</description>
    <group>pci_dss_5.1,pci_dss_10.6.1,</group>
  </rule>

</group>
