<!--
  -  Symantec Web Security rules
  -  Author: Daniel Cid.
  -  Copyright (C) 2009 Trend Micro Inc.
  -  Updated by Wazuh, Inc. <support@wazuh.com>.
  -  This program is a free software; you can redistribute it and/or modify it under the terms of GPLv2.
-->

<group name="symantec,">
  <rule id="7400" level="0">
    <decoded_as>symantec-websecurity</decoded_as>
    <description>Grouping of Symantec Web Security rules.</description>
  </rule>

  <rule id="7410" level="5">
    <if_sid>7400</if_sid>
    <id>^3=2,2=1</id>
    <description>Symantec-WS: Login failed accessing the web proxy.</description>
    <group>authentication_failed,pci_dss_10.2.4,pci_dss_10.2.5,</group>
  </rule>

  <rule id="7415" level="3">
    <if_sid>7400</if_sid>
    <id>^3=1,2=1</id>
    <description>Symantec-WS: Login success accessing the web proxy.</description>
    <group>authentication_success,pci_dss_10.2.5,</group>
  </rule>

  <rule id="7420" level="3">
    <if_sid>7415</if_sid>
    <user>virtadmin</user>
    <description>Symantec-WS: Admin Login success to the web proxy.</description>
    <group>authentication_success,pci_dss_10.2.5,</group>
  </rule>

  <!-- Example alerting using the url (event id 2=27 is for web access
  <rule id="7425" level="3">
    <if_sid>7400</if_sid>
    <id>^2=27</id>
    <description>Web access message.</description>
    <url>abc.exe</url>
  </rule>
  -->

</group>
