<!--
  -  Roundcube rules
  -  Author: Daniel Cid.
  -  Author: Michael Starks.
  -  Copyright (C) 2009 Trend Micro Inc.
  -  Updated by Wazuh, Inc. <support@wazuh.com>.
  -  This program is a free software; you can redistribute it and/or modify it under the terms of GPLv2.
-->

<group name="syslog,roundcube,">
  <rule id="9400" level="0">
    <decoded_as>roundcube</decoded_as>
    <description>Roundcube messages groupe.d</description>
  </rule>

  <rule id="9401" level="5">
    <if_sid>9400</if_sid>
    <match>failed (LOGIN)</match>
    <description>Roundcube authentication failed.</description>
    <group>authentication_failed,pci_dss_10.2.4,pci_dss_10.2.5,</group>
  </rule>

  <rule id="9402" level="3">
    <if_sid>9400</if_sid>
    <match>Successful login</match>
    <description>Roundcube authentication succeeded.</description>
    <group>authentication_success,pci_dss_10.2.5,</group>
  </rule>
</group>
