<!--
  -  Compaq Insight Manager (cimserver) rules
  -  Author: Daniel Cid.
  -  Author: Stephen Kreusch.
  -  Copyright (C) 2009 Trend Micro Inc.
  -  Updated by Wazuh, Inc. <support@wazuh.com>.
  -  This program is a free software; you can redistribute it and/or modify it under the terms of GPLv2.
-->

<group name="syslog,cimserver,">
  <rule id="9600" level="0" noalert="1">
    <decoded_as>cimserver</decoded_as>
    <description>cimserver messages grouped.</description>
  </rule>

  <rule id="9610" level="5">
    <if_sid>9600</if_sid>
    <match>Authentication failed</match>
    <description>cimserver: Compaq Insight Manager authentication failure.</description>
    <group>authentication_failed,pci_dss_10.2.4,pci_dss_10.2.5,</group>
  </rule>

  <rule id="9611" level="12">
    <if_sid>9600</if_sid>
    <match>Server stopped</match>
    <description>cimserver: Compaq Insight Manager stopped.</description>
    <group>service_availability,pci_dss_10.6.1,</group>
  </rule>
</group>
