<!--
  -  Dovecot rules
  -  Author: Michael Starks.
  -  Copyright (C) 2009 Trend Micro Inc.
  -  Updated by Wazuh, Inc. <support@wazuh.com>.
  -  This program is a free software; you can redistribute it and/or modify it under the terms of GPLv2.
-->

<group name="dovecot,">
<rule id="9700" level="0">
  <decoded_as>dovecot</decoded_as>
  <description>Dovecot Messages Grouped.</description>
</rule>

<rule id="9701" level="3">
  <if_sid>9700</if_sid>
  <match>login: Login: </match>
  <description>Dovecot Authentication Success.</description>
  <group>authentication_success,pci_dss_10.2.5,</group>
</rule>

<rule id="9702" level="5">
  <if_sid>9700</if_sid>
  <match>Password mismatch$</match>
  <description>Dovecot Authentication Failed.</description>
  <group>authentication_failed,pci_dss_10.2.4,pci_dss_10.2.5,</group>
</rule>

<rule id="9703" level="3">
  <if_sid>9700</if_sid>
  <match>starting up</match>
  <description>Dovecot is Starting Up.</description>
  <group>pci_dss_10.6.1,</group>
</rule>

<rule id="9704" level="2">
  <if_sid>9700</if_sid>
  <match>^Fatal: </match>
  <options>alert_by_email</options>
  <description>Dovecot Fatal Failure.</description>
</rule>

<rule id="9705" level="5">
  <if_sid>9700</if_sid>
  <match>user not found|User not known|unknown user|auth failed</match>
  <description>Dovecot Invalid User Login Attempt.</description>
  <group>invalid_login,authentication_failed,pci_dss_10.2.4,pci_dss_10.2.5,</group>
</rule>

<rule id="9706" level="3">
  <if_sid>9700</if_sid>
  <match>: Disconnected: </match>
  <description>Dovecot Session Disconnected.</description>
  <group>pci_dss_10.2.5,pci_dss_8.1.5,pci_dss_8.1.8,</group>
</rule>

<rule id="9707" level="5">
  <if_sid>9700</if_sid>
  <match>: Aborted login</match>
  <description>Dovecot Aborted Login.</description>
  <group>invalid_login,pci_dss_10.2.4,pci_dss_10.2.5,</group>
</rule>


<!-- Composite rules -->
<rule id="9750" level="10" frequency="6" timeframe="120">
  <if_matched_sid>9702</if_matched_sid>
  <same_source_ip />
  <description>Dovecot Multiple Authentication Failures.</description>
  <group>authentication_failures,pci_dss_10.2.4,pci_dss_10.2.5,pci_dss_11.4,</group>
</rule>

<rule id="9751" level="10" frequency="6" timeframe="240">
  <if_matched_sid>9705</if_matched_sid>
  <same_source_ip />
  <description>Dovecot brute force attack (multiple auth failures).</description>
  <group>authentication_failures,pci_dss_10.2.4,pci_dss_10.2.5,pci_dss_11.4,</group>
</rule>

<rule id="9770" level="0">
  <decoded_as>dovecot-info</decoded_as>
  <description>dovecot-info grouping.</description>
</rule>

<rule id="9771" level="5">
  <if_sid>9770</if_sid>
  <match>user not found|User not known|unknown user|auth failed</match>
  <description>Dovecot Invalid User Login Attempt.</description>
  <group>invalid_login,authentication_failed,pci_dss_10.2.4,pci_dss_10.2.5,</group>
</rule>

</group>
