<!--
  -  vpopmail rules
  -  Author: Daniel Cid.
  -  Author: Ceg Ryan <cegryan ( at ) gmail.com>.
  -  Copyright (C) 2009 Trend Micro Inc.
  -  Updated by Wazuh, Inc. <support@wazuh.com>.
  -  This program is a free software; you can redistribute it and/or modify it under the terms of GPLv2.
-->

<group name="syslog,vpopmail,">
  <rule id="9900" level="0">
    <decoded_as>vpopmail</decoded_as>
    <description>Grouping for the vpopmail rules.</description>
  </rule>

  <rule id="9901" level="5">
    <if_sid>9900</if_sid>
    <match> password fail </match>
    <group>authentication_failed,pci_dss_10.2.4,pci_dss_10.2.5,</group>
    <description>vpopmail: Login failed.</description>
  </rule>

  <rule id="9902" level="5">
    <if_sid>9900</if_sid>
    <match> vpopmail user not found </match>
    <group>invalid_login,pci_dss_10.2.4,pci_dss_10.2.5,</group>
    <description>vpopmail: Attempt to login to vpopmail with invalid username.</description>
  </rule>

  <rule id="9903" level="5">
    <if_sid>9900</if_sid>
    <match> null password given </match>
    <group>authentication_failed,pci_dss_10.2.4,pci_dss_10.2.5,</group>
    <description>vpopmail: Attempt to login to vpopmail with empty password.</description>
  </rule>

  <rule id="9904" level="3">
    <if_sid>9900</if_sid>
    <match> login success </match>
    <group>authentication_success,pci_dss_10.2.5,</group>
    <description>vpopmail: successful login.</description>
  </rule>

  <rule id="9951" level="10" frequency="8" timeframe="240">
    <if_matched_sid>9901</if_matched_sid>
    <same_source_ip />
    <description>vpopmail: brute force (multiple failed logins).</description>
    <group>authentication_failures,pci_dss_10.2.4,pci_dss_10.2.5,pci_dss_11.4,</group>
  </rule>

  <rule id="9952" level="10" frequency="8" timeframe="240">
    <if_matched_sid>9902</if_matched_sid>
    <same_source_ip />
    <description>vpopmail: brute force (email harvesting).</description>
    <group>authentication_failures,pci_dss_10.2.4,pci_dss_10.2.5,pci_dss_11.4,</group>
  </rule>

  <rule id="9953" level="10" frequency="8" timeframe="240">
    <if_matched_sid>9903</if_matched_sid>
    <same_source_ip />
    <description>vpopmail: brute force (empty password).</description>
    <group>authentication_failures,pci_dss_10.2.4,pci_dss_10.2.5,pci_dss_11.4,</group>
  </rule>

</group>
