<!--
  -  Pure-ftpd rules
  -  Author: Daniel Cid.
  -  Author: Peter Ahlert <peter@ifup.de>.
  -  Copyright (C) 2009 Trend Micro Inc.
  -  Updated by Wazuh, Inc. <support@wazuh.com>.
  -  This program is a free software; you can redistribute it and/or modify it under the terms of GPLv2.
-->

<group name="syslog,pure-ftpd,">
  <rule id="11300" level="0">
    <decoded_as>pure-ftpd</decoded_as>
    <description>Grouping for the pure-ftpd rules.</description>
  </rule>

  <rule id="11301" level="3">
    <if_sid>11300</if_sid>
    <match>[INFO] New connection from</match>
    <description>pure-ftpd: New FTP connection.</description>
    <group>connection_attempt,pci_dss_10.6.1,</group>
  </rule>

  <rule id="11302" level="5">
    <if_sid>11300</if_sid>
    <match>[WARNING] Authentication failed for user</match>
    <description>pure-ftpd: FTP Authentication failed.</description>
    <group>authentication_failed,pci_dss_10.2.4,pci_dss_10.2.5,</group>
  </rule>

  <rule id="11303" level="0">
    <if_sid>11300</if_sid>
    <match> [INFO] Logout| [INFO] Timeout</match>
    <description>pure-ftpd: FTP user logout/timeout</description>
    <group>pci_dss_8.1.5,</group>
  </rule>

  <rule id="11304" level="0">
    <if_sid>11300</if_sid>
    <match> [NOTICE] </match>
    <description>pure-ftpd: FTP notice messages</description>
  </rule>

  <rule id="11305" level="5">
    <if_sid>11300</if_sid>
    <match>[INFO] Can't change directory to</match>
    <description>pure-ftpd: Attempt to access invalid directory</description>
    <group>pci_dss_10.2.4,</group>
  </rule>

  <rule id="11306" level="10" frequency="6" timeframe="120">
    <if_matched_sid>11302</if_matched_sid>
    <description>pure-ftpd: FTP brute force (multiple failed logins).</description>
    <group>authentication_failures,pci_dss_10.2.4,pci_dss_10.2.5,pci_dss_11.4,</group>
  </rule>

  <rule id="11307" level="10" frequency="6" timeframe="60">
    <if_matched_sid>11301</if_matched_sid>
    <same_source_ip />
    <description>pure-ftpd: Multiple connection attempts from same source.</description>
    <group>recon,pci_dss_11.4,</group>
  </rule>

  <rule id="11309" level="3">
    <if_sid>11300</if_sid>
    <match>[INFO] \S+ is now logged in| is now logged in</match>
    <description>pure-ftpd: FTP Authentication success.</description>
    <group>authentication_success,pci_dss_10.2.5,</group>
  </rule>

  <rule id="11310" level="0">
    <decoded_as>pure-transfer</decoded_as>
    <description>Rule grouping for pure ftpd transfers.</description>
  </rule>

  <rule id="11311" level="0">
    <if_sid>11310</if_sid>
    <action>PUT</action>
    <description>pure-ftpd: File added to ftpd.</description>
  </rule>

  <rule id="11312" level="0">
    <if_sid>11310</if_sid>
    <action>GET</action>
    <description>pure-ftpd: File retrieved from ftpd.</description>
  </rule>

</group>
