<!--
  -  Vsftpd rules
  -  Author: Daniel Cid.
  -  Author: Joachim Vorrath <joachim.vorrath@vorrath-net.de>.
  -  Author: Jorge Augusto Senger <jorge@br10.com.br>.
  -  Copyright (C) 2009 Trend Micro Inc.
  -  Updated by Wazuh, Inc. <support@wazuh.com>.
  -  This program is a free software; you can redistribute it and/or modify it under the terms of GPLv2.
-->

<group name="syslog,vsftpd,">
  <rule id="11400" level="0" noalert="1">
    <decoded_as>vsftpd</decoded_as>
    <description>Grouping for the vsftpd rules.</description>
  </rule>

  <rule id="11401" level="3">
    <if_sid>11400</if_sid>
    <match>CONNECT: Client</match>
    <group>connection_attempt,</group>
    <description>vsftpd: FTP session opened.</description>
  </rule>

  <rule id="11402" level="3">
    <if_sid>11400</if_sid>
    <match>OK LOGIN: </match>
    <description>vsftpd: FTP Authentication success.</description>
    <group>authentication_success,pci_dss_10.2.5,</group>
  </rule>

  <rule id="11403" level="5">
    <if_sid>11400</if_sid>
    <match>FAIL LOGIN: </match>
    <description>vsftpd: Login failed accessing the FTP server.</description>
    <group>authentication_failed,pci_dss_10.2.4,pci_dss_10.2.5,</group>
  </rule>

  <rule id="11404" level="0">
    <if_sid>11400</if_sid>
    <match>OK UPLOAD: </match>
    <description>vsftpd: FTP server file upload.</description>
  </rule>

  <rule id="11451" level="10" frequency="6" timeframe="120">
    <if_matched_sid>11403</if_matched_sid>
    <same_source_ip />
    <description>vsftpd: FTP brute force (multiple failed logins).</description>
    <group>authentication_failures,pci_dss_10.2.4,pci_dss_10.2.5,pci_dss_11.4,</group>
  </rule>

  <rule id="11452" level="10" frequency="10" timeframe="60">
    <if_matched_sid>11401</if_matched_sid>
    <same_source_ip />
    <description>vsftpd: Multiple FTP connection attempts from </description>
    <description>same source IP.</description>
    <group>recon,pci_dss_11.4,</group>
  </rule>

</group>
