<!--
  -  Microsoft FTP rules
  -  Author: Daniel Cid.
  -  Copyright (C) 2009 Trend Micro Inc.
  -  Updated by Wazuh, Inc. <support@wazuh.com>.
  -  This program is a free software; you can redistribute it and/or modify it under the terms of GPLv2.
-->

<group name="syslog,msftp,">
  <rule id="11500" level="0">
    <decoded_as>msftp</decoded_as>
    <description>Grouping for the Microsoft ftp rules.</description>
  </rule>

  <rule id="11501" level="3">
    <if_sid>11500</if_sid>
    <action>USER</action>
    <description>MS-FTP: New FTP connection.</description>
    <group>connection_attempt,</group>
  </rule>

  <rule id="11502" level="5">
    <if_sid>11500</if_sid>
    <action>PASS</action>
    <id>530</id>
    <description>MS-FTP: FTP Authentication failed.</description>
    <group>authentication_failed,pci_dss_10.2.4,pci_dss_10.2.5,</group>
  </rule>

  <rule id="11503" level="3">
    <if_sid>11500</if_sid>
    <action>PASS</action>
    <id>230</id>
    <description>MS-FTP: FTP Authentication success.</description>
    <group>authentication_success,pci_dss_10.2.5,</group>
  </rule>

  <rule id="11504" level="4">
    <if_sid>11500</if_sid>
    <id>^5</id>
    <description>MS-FTP: FTP client request failed.</description>
  </rule>

  <rule id="11510" level="10" frequency="6" timeframe="120">
    <if_matched_sid>11502</if_matched_sid>
    <description>MS-FTP: FTP brute force (multiple failed logins).</description>
    <group>authentication_failures,pci_dss_10.2.4,pci_dss_10.2.5,pci_dss_11.4,</group>
  </rule>

  <rule id="11511" level="10" frequency="8" timeframe="30">
    <if_matched_sid>11501</if_matched_sid>
    <same_source_ip />
    <description>MS-FTP: Multiple connection attempts from same source.</description>
    <group>recon,pci_dss_10.2.4,pci_dss_10.2.5,pci_dss_11.4,</group>
  </rule>

  <rule id="11512" level="10" frequency="6" timeframe="120">
    <if_matched_sid>11504</if_matched_sid>
    <same_source_ip />
    <description>MS-FTP: Multiple FTP errors from same source.</description>
    <group>pci_dss_10.6.1,</group>
  </rule>
</group>
