<!--
  -  Cisco VPN Concentrator rules
  -  Author: Daniel Cid.
  -  Copyright (C) 2009 Trend Micro Inc.
  -  Updated by Wazuh, Inc. <support@wazuh.com>.
  -  This program is a free software; you can redistribute it and/or modify it under the terms of GPLv2.
-->

<group name="syslog,cisco_vpn,">
  <rule id="14200" level="0">
    <decoded_as>cisco-vpn-concentrator</decoded_as>
    <description>Grouping of Cisco VPN concentrator rules</description>
  </rule>

  <rule id="14201" level="3">
    <if_sid>14200</if_sid>
    <id>^IKE/52$</id>
    <description>CiscoVPN: VPN authentication successful.</description>
    <group>authentication_success,pci_dss_10.2.5,</group>
  </rule>

  <rule id="14202" level="5">
    <if_sid>14200</if_sid>
    <id>^AUTH/5$|^AUTH/9$|^IKE/167$|^PPP/9$|^SSH/33$|^PSH/23$</id>
    <description>CiscoVPN: VPN authentication failed.</description>
    <group>authentication_failed,pci_dss_10.2.4,pci_dss_10.2.5,</group>
  </rule>

  <rule id="14203" level="4">
    <if_sid>14200</if_sid>
    <id>^HTTP/47$|^SSH/16$</id>
    <options>alert_by_email</options>
    <description>CiscoVPN: VPN Admin authentication successful.</description>
    <group>authentication_success,pci_dss_10.2.5,</group>
  </rule>

  <rule id="14251" level="10" frequency="8" timeframe="240">
    <if_matched_sid>14202</if_matched_sid>
    <same_source_ip />
    <description>CiscoVPN: Multiple VPN authentication failures.</description>
    <group>authentication_failures,pci_dss_10.2.4,pci_dss_10.2.5,</group>
  </rule>
</group>
