<!--
  -  Nginx rules
  -  Author: Daniel Cid.
  -  Copyright (C) 2009 Trend Micro Inc.
  -  Updated by Wazuh, Inc. <support@wazuh.com>.
  -  This program is a free software; you can redistribute it and/or modify it under the terms of GPLv2.
-->

<group name="nginx,web,">
  <rule id="31300" level="0">
    <decoded_as>nginx-errorlog</decoded_as>
    <description>Nginx messages grouped.</description>
  </rule>

  <rule id="31301" level="3">
    <if_sid>31300</if_sid>
    <regex>^\S+ \S+ [error] </regex>
    <description>Nginx error message.</description>
  </rule>

  <rule id="31302" level="3">
    <if_sid>31300</if_sid>
    <regex>^\S+ \S+ [warn] </regex>
    <description>Nginx warning message.</description>
  </rule>

  <rule id="31303" level="5">
    <if_sid>31300</if_sid>
    <regex>^\S+ \S+ [crit] </regex>
    <description>Nginx critical message.</description>
  </rule>

  <rule id="31310" level="0">
    <if_sid>31301</if_sid>
    <match>failed (2: No such file or directory)|is not found (2: No such file or directory)</match>
    <description>Nginx: Server returned 404 (reported in the access.log).</description>
  </rule>

  <rule id="31311" level="0">
    <if_sid>31301</if_sid>
    <match>accept() failed (53: Software caused connection abort)</match>
    <description>Nginx: Incomplete client request.</description>
    <group>pci_dss_10.6.1,</group>
  </rule>

  <rule id="31312" level="0">
    <if_sid>31301</if_sid>
    <match>no user/password was provided for basic authentication</match>
    <description>Nginx: Initial 401 authentication request.</description>
    <group>pci_dss_10.6.1,pci_dss_10.2.4,pci_dss_10.2.5,</group>
  </rule>

  <rule id="31315" level="5">
    <if_sid>31301</if_sid>
    <match> password mismatch, client| was not found in </match>
    <description>Nginx: Web authentication failed.</description>
    <group>authentication_failed,</group>
    <group>pci_dss_10.6.1,pci_dss_10.2.4,pci_dss_10.2.5,</group>
  </rule>

  <rule id="31316" level="10" frequency="6" timeframe="240">
    <if_matched_sid>31315</if_matched_sid>
    <same_source_ip />
    <description>Nginx: Multiple web authentication failures.</description>
    <group>authentication_failures,pci_dss_10.6.1,pci_dss_10.2.4,pci_dss_10.2.5,pci_dss_11.4,</group>
  </rule>

  <rule id="31317" level="0">
    <if_sid>31303</if_sid>
    <match>failed (2: No such file or directory</match>
    <description>Nginx: Common cache error when files were removed.</description>
  </rule>

  <rule id="31320" level="10">
    <if_sid>31301</if_sid>
    <match>failed (36: File name too long)</match>
    <description>Nginx: Invalid URI, file name too long.</description>
    <group>invalid_request,pci_dss_10.2.4,</group>
  </rule>

  <!-- ModSecurity Rules -->
  <rule id="31330" level="0">
    <if_sid>31301</if_sid>
    <match>ModSecurity: Warning</match>
    <description>ModSecurity Warning messages grouped</description>
    <group>modsecurity,</group>
  </rule>

  <rule id="31331" level="0">
    <if_sid>31301</if_sid>
    <match>ModSecurity: Access denied</match>
    <description>ModSecurity Access denied messages grouped</description>
    <group>modsecurity,pci_dss_10.2.4,</group>
  </rule>

  <rule id="31332" level="0">
    <if_sid>31301</if_sid>
    <match>ModSecurity: Audit log:</match>
    <description>ModSecurity Audit log messages grouped</description>
    <group>modsecurity,</group>
  </rule>

  <rule id="31333" level="7">
    <if_sid>31331</if_sid>
    <match>with code 403</match>
    <description>ModSecurity rejected a query</description>
    <group>modsecurity,</group>
  </rule>

</group>
