<!--
  -  Netscaler rules
  -  Created by Wazuh, Inc. <support@wazuh.com>.
  -  This program is a free software; you can redistribute it and/or modify it under the terms of GPLv2.
-->

<!--
ID: 80100 - 80199
id (Decoder): AAA, UI, API, SSLVPN, EVENT, SSLLOG, APPFW, TCP, ROUTING, SNMP, ACL, TRANSFORM, APPFW_RESP, AAATM, PITBOSS, CVPN
-->
<group name="netscaler,">

    <rule id="80100" level="0">
        <decoded_as>netscaler</decoded_as>
        <description>Netscaler messages grouped.</description>
    </rule>

    <!--
    AAA LOGIN_FAILED
    02/12/2012: 17:16:28 GMT CUA30070LBN5501 PPE-3 : AAA LOGIN_FAILED 233 0 : User smulpuru - Client_ip 04.xx.158.50 - Failure_reason "External authentication server denied access"
    -->
    <rule id="80101" level="5">
        <if_sid>80100</if_sid>
        <match>AAA LOGIN_FAILED</match>
        <description>Netscaler: AAA module failed to login the user</description>
        <group>authentication_failed,netscaler-aaa,pci_dss_10.2.4,pci_dss_10.2.5,</group>
    </rule>

    <rule id="80102" level="10" frequency="6">
        <if_matched_sid>80101</if_matched_sid>
        <same_source_ip />
        <description>Netscaler: Multiple AAA failed to login the user</description>
        <group>authentication_failures,netscaler-aaa,pci_dss_10.2.4,pci_dss_10.2.5,pci_dss_11.4,</group>
    </rule>

    <!--
    UI CMD_EXECUTED | API CMD_EXECUTED
    02/14/2012: 14:32:35 GMT CUA30070LBN6202 PPE-1 : UI CMD_EXECUTED 427 :  User ******** - Remote_ip 10.31.66.1 - Command "bind system global SYSLOG -priority 0" - Status "... error ..."
    02/14/2012: 14:32:35 GMT CUA30070LBN6202 PPE-1 : UI CMD_EXECUTED 427 :  User ******** - Remote_ip 10.31.66.1 - Command "bind system global SYSLOG -priority 0" - Status "Success"
    01/05/2016: 22:09:54 GMT SERVER 0-PPE-0 : API CMD_EXECUTED 12345678 0 :  User nsroot - Remote_ip 10.10.10.10 - Command "ls" - Status "Success"
    01/05/2016: 22:09:54 GMT SERVER 0-PPE-0 : API CMD_EXECUTED 12345678 0 :  User nsroot - Remote_ip 10.10.10.10 - Command "ls" - Status "... error ..."
    -->
    <rule id="80103" level="2">
        <if_sid>80100</if_sid>
        <match>UI CMD_EXECUTED|API CMD_EXECUTED</match>
        <status>Success</status>
        <description>Netscaler: UI/API command executed</description>
        <group>netscaler-cmd,</group>
    </rule>

    <rule id="80104" level="4">
        <if_sid>80100</if_sid>
        <match>UI CMD_EXECUTED|API CMD_EXECUTED</match>
        <status>Error</status>
        <description>Netscaler: UI/API command executed failed</description>
        <group>netscaler-cmd,</group>
    </rule>

    <rule id="80105" level="10" frequency="6">
        <if_matched_sid>80104</if_matched_sid>
        <same_source_ip />
        <description>Netscaler: Multiple commands failed</description>
        <group>netscaler-cmd,pci_dss_10.2.2,pci_dss_10.6.1,</group>
    </rule>

    <!-- 02/14/2012: 14:32:35 GMT CUA30070LBN6202 PPE-1 : UI CMD_EXECUTED 427 :  User ******** - Remote_ip 10.31.66.1 - Command "delete TEST" - Status "Success" -->
    <rule id="80106" level="10">
        <if_sid>80100</if_sid>
        <match>UI CMD_EXECUTED|API CMD_EXECUTED</match>
        <regex>Command "(\.*delete\.*)"</regex>
        <description>Netscaler: UI/API dangerous command</description>
        <group>netscaler-cmd,</group>
    </rule>

    <!--SSLVPN LOGIN
    Mar 17 13:06:45 <local0.info> 192.168.1.121 03/17/2014:12:06:45 GMT b3nsc21 0-PPE-0 : SSLVPN LOGIN 10728 0 : Context matthijs@192.168.1.84 - SessionId: 5- User matthijs - Client_ip 192.168.1.84 - Nat_ip "Mapped Ip" - Vserver 192.168.1.208:443 - Browser_type "Mozilla/5.0 (Windows NT 5.1; rv:27.0) Gecko/20100101 Firefox/27.0" - SSLVPN_client_type ICA - Group(s) "N/A"
    -->
    <rule id="80107" level="3">
        <if_sid>80100</if_sid>
        <match>SSLVPN LOGIN</match>
        <description>Netscaler: SSLVPN login succeeds</description>
        <group>netscaler-sslvpn,authentication_success,pci_dss_10.2.5,</group>
    </rule>

    <!--SSLVPN LOGOUT
    Oct 31 09:26:29 <local0.info> 172.16.90.10 10/31/2014:09:26:29 GMT HLCNS001 0-PPE-0 : SSLVPN LOGOUT 165769 0 :  User schulz - Client_ip 212.184.206.143 - Nat_ip "Mapped Ip" - Vserver 192.168.10.8:443 - Start_time "10/31/2014:09:26:14 GMT" - End_time "10/31/2014:09:26:29 GMT" - Duration 00:00:15  - Http_resources_accessed 0 - NonHttp_services_accessed 0 - Total_TCP_connections 1 - Total_UDP_flows 0 - Total_policies_allowed 0 - Total_policies_denied 0 - Total_bytes_send 405 - Total_bytes_recv 4844 - Total_compressedbytes_send 0 - Total_compressedbytes_recv 0 - Compression_ratio_send 0.00% - Compression_ratio_recv 0.00% - LogoutMethod "InternalError" - Group(s) "N/A"
    -->
    <rule id="80108" level="3">
        <if_sid>80100</if_sid>
        <match>SSLVPN LOGOUT</match>
        <description>Netscaler: SSLVPN session logs out</description>
        <group>netscaler-sslvpn,pci_dss_10.2.5,</group>
    </rule>

    <!--SSLVPN ICASTART
    12/09/2012:14:40:46 GMT ns 0-PPE-0 : SSLVPN ICASTART 540963 0 : Source 192.168.1.98:62362 - Destination 192.168.1.82:2598 - username:domainname mhayes:Xentrifuge - applicationName Desktop - startTime "12/09/2012:14:40:46 GMT" - connectionId 81d1
    -->
    <rule id="80109" level="2">
        <if_sid>80100</if_sid>
        <match>SSLVPN ICASTART</match>
        <description>Netscaler: ICA application launch has started</description>
        <group>netscaler-sslvpn,</group>
    </rule>

    <!--
    SSLVPN ICAEND_CONNSTAT
    12/09/2012:14:41:12 GMT ns 0-PPE-0 : SSLVPN ICAEND_CONNSTAT 541032 0 : Source 192.168.1.98:62362 - Destination 192.168.1.82:2598 - username:domainname mhayes:Xentrifuge - startTime "12/09/2012:14:40:46 GMT" - endTime "12/09/2012:14:41:12 GMT" - Duration 00:00:26 - Total_bytes_send 9363 - Total_bytes_recv 587588 - Total_compressedbytes_send 0 - Total_compressedbytes_recv 0 - Compression_ratio_send 0.00% - Compression_ratio_recv 0.00% - connectionId 81d16
    -->
    <rule id="80110" level="2">
        <if_sid>80100</if_sid>
        <match>SSLVPN ICAEND_CONNSTAT</match>
        <description>Netscaler: ICA application has terminated</description>
        <group>netscaler-sslvpn,</group>
    </rule>

    <!--
    SSLVPN NONHTTP_RESOURCEACCESS_DENIED
    12/09/2012:14:41:12 GMT ns  0-PPE-0 : SSLVPN NONHTTP_RESOURCEACCESS_DENIED 181277 0 : Context xxx@x.x.x.x - SessionId: 207- User xxx - Client_ip x.x.x.x - Nat_ip 10.61.8.1 - Vserver x.x.x.x:443 - Source x.x.x.x:26414 - Destination 10.55.55.80:80 - Total_bytes_send 357 - Total_bytes_recv 0 - Denied_by_policy "deny local" - Group(s) "Netscaler VPN
    -->
    <rule id="80111" level="5">
        <if_sid>80100</if_sid>
        <match>SSLVPN NONHTTP_RESOURCEACCESS_DENIED</match>
        <description>Netscaler: A non-http resource access is denied by policy engine.</description>
        <group>netscaler-sslvpn,access_denied,pci_dss_10.2.4,</group>
    </rule>

    <rule id="80112" level="10" frequency="8" timeframe="120">
        <if_matched_sid>80111</if_matched_sid>
        <description>Netscaler: Multiple non-http resource access denied</description>
        <group>netscaler-sslvpn,access_denied,pci_dss_10.2.4,pci_dss_11.4,</group>
    </rule>

    <!--
    SSLVPN HTTP_RESOURCEACCESS_DENIED
    Local0.Alert 10.10.0.1 27/06/2009:04:51:17 GMT ns 90 : SSLVPN HTTP_RESOURCEACCESS_DENIED : Context srabc@10.10.10.1 - User srabc - Total_bytes_send 1535 - Remote_host abc.net - Denied_url GET /Citrix/AccessPlatform/auth/login.aspx - Denied_by_policy "SETVPNPARAMS_POL" - Group(s) "N/A"
    -->
    <rule id="80113" level="5">
        <if_sid>80100</if_sid>
        <match>SSLVPN HTTP_RESOURCEACCESS_DENIED</match>
        <description>Netscaler: A http resource access is denied by policy engine</description>
        <group>netscaler-sslvpn,access_denied,pci_dss_10.2.4,</group>
    </rule>

    <rule id="80114" level="10" frequency="8" timeframe="120">
        <if_matched_sid>80113</if_matched_sid>
        <description>Netscaler: Multiple http resource access denied</description>
        <group>netscaler-sslvpn,access_denied,pci_dss_10.2.4,pci_dss_11.4,</group>
    </rule>

    <!--
    SSLVPN CLISEC_CHECK
    Jul 16 15:00:39 <local0.err> 10.90.192.54 07/16/2007:15:00:39 GMT ns : SSLVPN CLISEC_CHECK : User joe12 - Client_ip 10.90.147.47 - Vserver 10.90.192.74:443 - Client_security_expression "CLIENT.FILE(tsto.exe) EXISTS -frequency 3" - Client security check failed - User put in quarantine group Quarantine
    -->
    <rule id="80115" level="5">
        <if_sid>80100</if_sid>
        <match>SSLVPN CLISEC_CHECK</match>
        <description>Netscaler: SSLVPN session: client security check error</description>
        <group>netscaler-sslvpn,</group>
    </rule>

    <!--
    SSLVPN CLISEC_EXP_EVAL
    06-26-2010    12:16:05    Local7.Error    192.168.1.75    06/26/2010:11:41:06 GMT ns PPE-0 : SSLVPN CLISEC_EXP_EVAL 104254 : User wireless: – Client IP 192.168.1.50 – Vserver 192.168.1.100:443 – Client security expression CLIENT.SVC(MpsSvc) EXISTS evaluated to FALSE(3)
    -->
    <rule id="80116" level="5">
        <if_sid>80100</if_sid>
        <match>SSLVPN CLISEC_EXP_EVAL</match>
        <description>Netscaler: SSLVPN session: client security expression evaluates to False</description>
        <group>netscaler-sslvpn,</group>
    </rule>

    <!--
    EVENT ALERTSTARTED
    -->
    <rule id="80117" level="2">
        <if_sid>80100</if_sid>
        <match>EVENT ALERTSTARTED</match>
        <description>Netscaler: SNMP module starts</description>
        <group>netscaler-event,</group>
    </rule>

    <!--
    EVENT ALERTENDED
    -->
    <rule id="80118" level="2">
        <if_sid>80100</if_sid>
        <match>EVENT ALERTENDED</match>
        <description>Netscaler: SNMP module stops</description>
        <group>netscaler-event,</group>
    </rule>

    <!--
    EVENT STARTSYS
    -->
    <rule id="80119" level="2">
        <if_sid>80100</if_sid>
        <match>EVENT STARTSYS</match>
        <description>Netscaler: Started</description>
        <group>netscaler-event,</group>
    </rule>

    <!--
    EVENT STOPSYS
    -->
    <rule id="80120" level="2">
        <if_sid>80100</if_sid>
        <match>EVENT STOPSYS</match>
        <description>Netscaler: Stopped</description>
        <group>netscaler-event,</group>
    </rule>

    <!--
    EVENT NICSTART
    -->
    <rule id="80121" level="2">
        <if_sid>80100</if_sid>
        <match>EVENT NICSTART</match>
        <description>Netscaler: Network interface started</description>
        <group>netscaler-event,</group>
    </rule>

    <!--
    EVENT NICSTOP
    -->
    <rule id="80122" level="2">
        <if_sid>80100</if_sid>
        <match>EVENT NICSTOP</match>
        <description>Netscaler: Network interface stopped</description>
        <group>netscaler-event,</group>
    </rule>

    <!--
    EVENT NICHANG
    -->
    <rule id="80123" level="2">
        <if_sid>80100</if_sid>
        <match>EVENT NICHANG</match>
        <description>Netscaler: Network interface in hung state</description>
        <group>netscaler-event,</group>
    </rule>

    <!--
    EVENT NICRESET
    -->
    <rule id="80124" level="2">
        <if_sid>80100</if_sid>
        <match>EVENT NICRESET</match>
        <description>Netscaler: Network interface reset</description>
        <group>netscaler-event,</group>
    </rule>

    <!--
    EVENT FREEBADMEM|EVENT FREEDUPMEM|EVENT FREEEXTMEM
    -->
    <rule id="80125" level="5">
        <if_sid>80100</if_sid>
        <match>EVENT FREEBADMEM|EVENT FREEDUPMEM|EVENT FREEEXTMEM</match>
        <description>Netscaler: Memory internal error</description>
        <group>netscaler-event,</group>
    </rule>

    <!--
    EVENT PROPFAIL
    -->
    <rule id="80126" level="5">
        <if_sid>80100</if_sid>
        <match>EVENT PROPFAIL</match>
        <description>Netscaler: HA propagation failed</description>
        <group>netscaler-event,</group>
    </rule>

    <!--
    APPFW APPFW_STARTURL
    APPFW APPFW_DENYURL
    APPFW APPFW_CONTENT_TYPE
    APPFW APPFW_REFERER_HEADER
    APPFW APPFW_CSRF_TAG
    APPFW APPFW_XSS
    APPFW APPFW_XML_XSS
    APPFW APPFW_SQL
    APPFW APPFW_XML_SQL
    APPFW APPFW_COOKIE
    APPFW APPFW_FIELDCONSISTENCY
    APPFW APPFW_BUFFEROVERFLOW_URL
    APPFW APPFW_BUFFEROVER FLOW_COOKIE
    APPFW APPFW_BUFFEROVERFLOW_HDR
    APPFW APPFW_FIELDFORMAT
    APPFW APPFW_SAFECOMMERCE
    APPFW APPFW_SAFECOMMERCE_XFORM
    APPFW APPFW_SAFEOBJECT
    APPFW APPFW_SIGNATURE_MATCH

    APPFW_RESP APPFW_XML_XSS
    APPFW_RESP APPFW_XML_SQL
    -->
    <rule id="80127" level="3">
        <if_sid>80100</if_sid>
        <match>APPFW APPFW_STARTURL|APPFW APPFW_DENYURL|APPFW APPFW_CONTENT_TYPE|APPFW APPFW_REFERER_HEADER|APPFW APPFW_CSRF_TAG|APPFW APPFW_XSS|APPFW APPFW_XML_XSS|APPFW APPFW_SQL|APPFW APPFW_XML_SQL|APPFW APPFW_COOKIE|APPFW APPFW_FIELDCONSISTENCY|APPFWAPPFW_BUFFEROVERFLOW_URL|APPFW APPFW_BUFFEROVER FLOW_COOKIE|APPFW APPFW_BUFFEROVERFLOW_HDR|APPFW APPFW_FIELDFORMAT|APPFW APPFW_SAFECOMMERCE|APPFW APPFW_SAFECOMMERCE_XFORM|APPFW APPFW_SAFEOBJECT|APPFW APPFW_SIGNATURE_MATCH|APPFW_RESP APPFW_XML_XSS|APPFW_RESP APPFW_XML_SQL</match>
        <description>Netscaler: Firewall violation</description>
        <group>netscaler-appfw,pci_dss_1.4,pci_dss_6.5,pci_dss_6.6,</group>
    </rule>


    <!--
    APPFW AF_UTHREAD_STACK_ERR
    -->
    <rule id="80128" level="5">
        <if_sid>80100</if_sid>
        <match>APPFW AF_UTHREAD_STACK_ERR</match>
        <description>Netscaler: Firewall: Appsecure uthread at 0x%x had a stack error</description>
        <group>netscaler-appfw,pci_dss_1.4,pci_dss_6.5.2,</group>
    </rule>

    <!--
        APPFW APPFW_XML_ERR_DOS_TRIGGERED
        APPFW APPFW_XML_DDOS_ERR_MSG_SEND_FAIL

        APPFW_RESP APPFW_XML_DDOS_ERR_MSG_SEND_FAI
        APPFW_RESP APPFW_XML_DOS_ERR_CHAR_DATA_LENGTH
    -->
    <rule id="80129" level="4">
        <if_sid>80100</if_sid>
        <match>APPFW APPFW_XML_ERR_DOS|APPFW APPFW_XML_DDOS_ERR|APPFW_RESP APPFW_XML_DDOS_ERR_MSG_SEND_FAI|APPFW_RESP APPFW_XML_DOS_ERR_CHAR_DATA_LENGTH</match>
        <description>Netscaler: Firewall: DOS\DDOS error</description>
        <group>netscaler-appfw,pci_dss_1.4,pci_dss_11.4,</group>
    </rule>

    <!--
        SNMP TRAP_SENT INFO Trap Sent Information
        SNMP TRAP_DROPPED INFO Trap Dropped information

        Aug  9 14:35:19 aaaaa.com 08/09/2013:21:35:19 GMT aaaab PPE-0 : SNMP TRAP_SENT 2241021 :  netScalerLoginFailure (nsUserName = "nsroot", sysIpAddress = xx.xxxx.xxx.xx)
    -->
    <rule id="80130" level="2">
        <if_sid>80100</if_sid>
        <match>SNMP TRAP_SENT</match>
        <description>Netscaler: SNMP Trap Sent</description>
        <group>netscaler-snmp,</group>
    </rule>

    <rule id="80131" level="2">
        <if_sid>80100</if_sid>
        <match>SNMP TRAP_DROPPED</match>
        <description>Netscaler: SNMP Trap Dropped</description>
        <group>netscaler-snmp,</group>
    </rule>

    <!--
    ACL ACL_PKT_LOG
    Jun  8 16:03:12 <local0.info> 10.12.33.16 06/08/2009:16:03:12 GMT ns : ACL ACL_PKT_LOG 67868 :  Source 10.12.33.12:5353 ... Destination 224.0.0.251:5353 - Protocol UDP - TimeStamp 871184790(ms) - Hitcount 0 - Hit Rule Deny.12 - Data
    -->
    <rule id="80132" level="2">
        <if_sid>80100</if_sid>
        <match>ACL ACL_PKT_LOG</match>
        <description>Netscaler: ACL Packet Log</description>
        <group>netscaler-acl,</group>
    </rule>

    <!--
    TRANSFORM REQ_PARSE_ERROR
    TRANSFORM PCRE_ERROR
    TRANSFORM REQ_WRITE_ERROR
    -->
    <rule id="80133" level="2">
        <if_sid>80100</if_sid>
        <match>TRANSFORM REQ_PARSE_ERROR|TRANSFORM PCRE_ERROR|TRANSFORM REQ_WRITE_ERROR</match>
        <description>Netscaler: URL Transformation error</description>
        <group>netscaler-transform,</group>
    </rule>

    <!--
    AAATM LOGIN
    Jul 31 04:37:59 <local0.info> 127.0.0.2 07/31/2015:04:37:59 GMT  0-PPE-0 : default AAATM LOGIN 790 0 : Context user1@aaatm-test.com@10.102.229.222 - SessionId: 4- User user1@aaatm-test.com - Client_ip 10.102.229.222 - Nat_ip "Mapped Ip" - Vserver 10.102.42.32:443 - Browser_type "Mozilla/5.0 (Windows NT 6.0; rv:39.0) Gecko/20100101 Firefox/39.0" - Group(s) "N/A"
    -->
    <rule id="80134" level="3">
        <if_sid>80100</if_sid>
        <match>AAATM LOGIN</match>
        <description>Netscaler: Login to AAA TM vserver succeeds</description>
        <group>netscaler-aaatm,authentication_success,pci_dss_10.2.5,</group>
    </rule>

    <!--
    AAATM LOGOUT
    Jan 13 23:22:25 <local0.info> 10.217.28.160 01/13/2015:23:22:25 GMT  0-PPE-0 : AAATM LOGOUT 3312 0 : Context _57007c730f84b76545378fd2e042fc95@10.252.112.245 - SessionId: 58- User _57007c730f84b76545378fd2e042fc95 - Client_ip 10.252.112.245 - Nat_ip "Mapped Ip" - Vserver 10.217.28.163:443 - Start_time "01/13/2015:23:22:17 GMT" - End_time "01/13/2015:23:22:25 GMT" - Duration 00:00:08  - Http_resources_accessed 0 - Total_TCP_connections 0 - Total_policies_allowed 0 - Total_policies_denied 0 - Total_bytes_send 0 - Total_bytes_recv 0 - Total_compressedbytes_send 0 - Total_compressedbytes_recv 0 - Compression_ratio_send 0.00% - Compression_ratio_recv 0.00% - LogoutMethod "FreedViaDHT" - Group(s) "N/A"
    -->
    <rule id="80135" level="3">
        <if_sid>80100</if_sid>
        <match>AAATM LOGOUT</match>
        <description>Netscaler: AAA TM session logged out</description>
        <group>netscaler-aaatm,pci_dss_10.2.5,</group>
    </rule>

    <!--
    AAATM HTTP_RESOURCEACCESS_DENIED
    -->
    <rule id="80136" level="5">
        <if_sid>80100</if_sid>
        <match>AAATM HTTP_RESOURCEACCESS_DENIED</match>
        <description>Netscaler: A AAATM http resource access is denied by policy engine</description>
        <group>netscaler-aaatm,access_denied,pci_dss_10.2.4,</group>
    </rule>

    <rule id="80137" level="10" frequency="8" timeframe="120">
        <if_matched_sid>80136</if_matched_sid>
        <description>Netscaler: Multiple AAATM http resource access denied</description>
        <group>netscaler-aaatm,access_denied,pci_dss_10.2.4,pci_dss_11.4,</group>
    </rule>

    <!--
    UI CMD_EXECUTED
    Aug  9 13:39:56 aaaaa.com 08/09/2013:20:39:56 GMT a-nss-aa PPE-0 : UI CMD_EXECUTED 2649891 :  User nsroot - Remote_ip xx.xxx.xxx.xx - Command "login" - Status "Success"
    Aug  9 13:39:56 aaaaa.com 08/09/2013:20:39:56 GMT a-nss-aa PPE-0 : UI CMD_EXECUTED 2649891 :  User nsroot - Remote_ip xx.xxx.xxx.xx - Command "login" - Status "ERROR: Invalid username or password"
    01/05/2016: 22:09:54 GMT SERVER 0-PPE-0 : API CMD_EXECUTED 12345678 0 :  User nsroot - Remote_ip 10.10.10.10 - Command "login nsroot ********" - Status "ERROR: Invalid username or password"
    01/05/2016: 22:09:54 GMT SERVER 0-PPE-0 : API CMD_EXECUTED 12345678 0 :  User nsroot - Remote_ip 10.10.10.10 - Command "login nsroot ********" - Status "Success"
    -->
    <rule id="80138" level="3">
        <if_sid>80100</if_sid>
        <match>UI CMD_EXECUTED|API CMD_EXECUTED</match>
        <regex>Command "login</regex>
        <status>Success</status>
        <description>Netscaler: UI/API login succeeds</description>
        <group>netscaler-cmd,authentication_success,pci_dss_10.2.5,</group>
    </rule>

    <rule id="80139" level="6">
        <if_sid>80100</if_sid>
        <match>UI CMD_EXECUTED|API CMD_EXECUTED</match>
        <regex>Command "login</regex>
        <status>Error</status>
        <description>Netscaler: UI/API login failed</description>
        <group>authentication_failed,netscaler-cmd,pci_dss_10.2.4,pci_dss_10.2.5,</group>
    </rule>

    <rule id="80140" level="10" frequency="6">
        <if_matched_sid>80139</if_matched_sid>
        <same_source_ip />
        <description>Netscaler: Multiple UI/API login failed</description>
        <group>authentication_failures,netscaler-cmd,pci_dss_10.2.4,pci_dss_10.2.5,pci_dss_11.4,</group>
    </rule>

</group>
