<!--
  -  Amazon EC2 rules
  -  Created by Wazuh, Inc. <support@wazuh.com>.
  -  This program is a free software; you can redistribute it and/or modify it under the terms of GPLv2.
-->

<!--
ec2: ID: 80300 - 80499
vpc: ID: 81000 - 81099
-->

<group name="amazon-ec2,">

    <!-- It is necessary rules file: amazon_rules.xml -->

    <!-- instances section -->

    <rule id="80301" level="3">
        <if_sid>80201</if_sid>
        <action>RunInstances</action>
        <description>Amazon-ec2: Run instance</description>
        <group>amazon,pci_dss_10.6.1,</group>
    </rule>

    <rule id="80302" level="5">
        <if_sid>80301</if_sid>
        <match>"errorCode":"Client.InstanceLimitExceeded"</match>
        <description>Amazon-ec2: Run instance InstanceLimit Exceeded</description>
        <group>amazon,pci_dss_10.6.1,</group>
    </rule>

    <rule id="80303" level="5">
        <if_sid>80301</if_sid>
        <match>"errorCode":"Client.UnauthorizedOperation"</match>
        <description>Amazon-ec2: Run instance unauthorized</description>
        <group>amazon,pci_dss_10.6.1,</group>
    </rule>

    <rule id="80304" level="5">
        <if_sid>80301</if_sid>
        <match>"errorCode":"</match>
        <description>Amazon-ec2: Run Instances error</description>
        <group>amazon,</group>
     </rule>

    <rule id="80305" level="3">
        <if_sid>80201</if_sid>
        <action>StartInstances</action>
        <description>Amazon-ec2: Instance started</description>
        <group>amazon,pci_dss_10.6.1,</group>
    </rule>

    <rule id="80306" level="5">
        <if_sid>80305</if_sid>
        <match>"errorCode":"Client.UnauthorizedOperation"</match>
        <description>Amazon-ec2: Start instance unauthorized</description>
        <group>amazon,pci_dss_10.6.1,</group>
    </rule>

    <rule id="80307" level="5">
        <if_sid>80305</if_sid>
        <match>"errorCode":"</match>
        <description>Amazon-ec2: Start Instances error</description>
        <group>amazon,</group>
     </rule>

    <rule id="80308" level="3">
        <if_sid>80201</if_sid>
        <action>StopInstances</action>
        <description>Amazon-ec2: Instance stopped</description>
        <group>amazon,pci_dss_10.6.1,</group>
    </rule>

    <rule id="80309" level="5">
        <if_sid>80308</if_sid>
        <match>"errorCode":"Client.UnauthorizedOperation"</match>
        <description>Amazon-ec2: Stop instance unauthorized</description>
        <group>amazon,pci_dss_10.6.1,</group>
    </rule>

    <rule id="80310" level="5">
        <if_sid>80308</if_sid>
        <match>"errorCode":"Client.InvalidInstanceID.NotFound"</match>
        <description>Amazon-ec2: Stop instance Invalid Instance ID Not Found</description>
        <group>amazon,pci_dss_10.6.1,</group>
    </rule>

    <rule id="80311" level="5">
        <if_sid>80308</if_sid>
        <match>"errorCode":"</match>
        <description>Amazon-ec2: Stop Instances error</description>
        <group>amazon,</group>
     </rule>

    <rule id="80312" level="3">
        <if_sid>80201</if_sid>
        <action>TerminateInstances</action>
        <description>Amazon-ec2: Instance terminated</description>
        <group>amazon,</group>
    </rule>

    <rule id="80313" level="5">
        <if_sid>80312</if_sid>
        <match>"errorCode":"Client.UnauthorizedOperation"</match>
        <description>Amazon-ec2: Terminate instance unauthorized</description>
        <group>amazon,pci_dss_10.6.1,</group>
    </rule>

    <rule id="80314" level="5">
        <if_sid>80312</if_sid>
        <match>"errorCode":"</match>
        <description>Amazon-ec2: Terminate Instances error</description>
        <group>amazon,</group>
     </rule>

    <rule id="80315" level="3">
        <if_sid>80201</if_sid>
        <action>ModifyInstanceAttribute</action>
        <description>Amazon-ec2: Modify Instance attribute</description>
        <group>amazon,</group>
    </rule>

    <rule id="80316" level="3">
        <if_sid>80315</if_sid>
        <match>"errorCode":"Client.UnauthorizedOperation"</match>
        <description>Amazon-ec2: Modify Instance attribute unauthorized</description>
        <group>amazon,pci_dss_10.6.1,</group>
    </rule>

    <rule id="80317" level="3">
        <if_sid>80315</if_sid>
        <match>"errorCode":"Client.InvalidParameterValue"</match>
        <description>Amazon-ec2: Modify Instance Invalid Parameter Value</description>
        <group>amazon,</group>
    </rule>

    <rule id="80318" level="3">
        <if_sid>80315</if_sid>
        <match>"errorCode":"</match>
        <description>Amazon-ec2: Modify Instance Attribute error</description>
        <group>amazon,</group>
     </rule>

    <rule id="80319" level="3">
        <if_sid>80201</if_sid>
        <action>AttachNetworkInterface</action>
        <description>Amazon-ec2: Network Interface Attached</description>
        <group>amazon,pci_dss_10.6.1,</group>
    </rule>

    <rule id="80320" level="5">
        <if_sid>80319</if_sid>
        <match>"errorCode":"Client.UnauthorizedOperation"</match>
        <description>Amazon-ec2: Network Interface Attached Unauthorized</description>
        <group>amazon,pci_dss_10.6.1,</group>
    </rule>

    <rule id="80321" level="3">
        <if_sid>80319</if_sid>
        <match>"errorCode":"</match>
        <description>Amazon-ec2: Attach Network Interface error</description>
        <group>amazon,</group>
     </rule>

    <rule id="80322" level="3">
        <if_sid>80201</if_sid>
        <action>DetachNetworkInterface</action>
        <description>Amazon-ec2: Network Interface Detached</description>
        <group>amazon,pci_dss_10.6.1,</group>
    </rule>

    <rule id="80323" level="5">
        <if_sid>80322</if_sid>
        <match>"errorCode":"Client.UnauthorizedOperation"</match>
        <description>Amazon-ec2: Network Interface Detached Unauthorized</description>
        <group>amazon,pci_dss_10.6.1,</group>
    </rule>

    <rule id="80324" level="3">
        <if_sid>80322</if_sid>
        <match>"errorCode":"</match>
        <description>Amazon-ec2: Attach Network Interface error</description>
        <group>amazon,</group>
     </rule>

    <rule id="80325" level="3">
        <if_sid>80201</if_sid>
        <action>DisassociateAddress</action>
        <description>Amazon-ec2: Disassociate Address</description>
        <group>amazon,</group>
    </rule>

    <rule id="80326" level="5">
        <if_sid>80325</if_sid>
        <match>"errorCode":"Client.MissingParameter"</match>
        <description>Amazon-ec2: Disassociate Address Unauthorized</description>
        <group>amazon,pci_dss_10.6.1,</group>
    </rule>

    <rule id="80327" level="5">
        <if_sid>80325</if_sid>
        <match>"errorCode":"Client.UnauthorizedOperation"</match>
        <description>Amazon-ec2: Disassociate Address Unauthorized</description>
        <group>amazon,pci_dss_10.6.1,</group>
    </rule>

    <rule id="80328" level="3">
        <if_sid>80325</if_sid>
        <match>"errorCode":"</match>
        <description>Amazon-ec2: Disassociate Address error</description>
        <group>amazon,</group>
     </rule>

    <rule id="80329" level="3">
        <if_sid>80201</if_sid>
        <action>MonitorInstances</action>
        <description>Amazon-ec2: Monitor Instances</description>
        <group>amazon,</group>
    </rule>

    <rule id="80330" level="5">
        <if_sid>80329</if_sid>
        <match>"errorCode":"Client.UnauthorizedOperation"</match>
        <description>Amazon-ec2: Monitor Instances</description>
        <group>amazon,</group>
    </rule>

    <rule id="80331" level="3">
        <if_sid>80329</if_sid>
        <match>"errorCode":"</match>
        <description>Amazon-ec2: MonitorInstances error</description>
        <group>amazon,</group>
     </rule>

    <rule id="80332" level="3">
        <if_sid>80201</if_sid>
        <action>UnmonitorInstances</action>
        <description>Amazon-ec2: Unmonitor Instances</description>
        <group>amazon,</group>
    </rule>

    <rule id="80333" level="5">
        <if_sid>80332</if_sid>
        <match>"errorCode":"Client.UnauthorizedOperation"</match>
        <description>Amazon-ec2: Unmonitor Instances Unauthorized</description>
        <group>amazon,pci_dss_10.6.1,</group>
    </rule>

    <rule id="80334" level="3">
        <if_sid>80332</if_sid>
        <match>"errorCode":"</match>
        <description>Amazon-ec2: UnmonitorInstances error</description>
        <group>amazon,</group>
     </rule>

    <rule id="80335" level="3">
        <if_sid>80201</if_sid>
        <action>ModifyNetworkInterfaceAttribute</action>
        <description>Amazon-ec2: Modify Network Interface Attribute</description>
        <group>amazon,</group>
    </rule>

    <rule id="80336" level="3">
        <if_sid>80335</if_sid>
        <match>"errorCode":"Client.UnauthorizedOperation"</match>
        <description>Amazon-ec2: Modify Network Interface Attribute Unauthorized</description>
        <group>amazon,pci_dss_10.6.1,</group>
    </rule>

    <rule id="80337" level="3">
        <if_sid>80335</if_sid>
        <match>"errorCode":"</match>
        <description>Amazon-ec2: Modify Network Interface Attribute error</description>
        <group>amazon,</group>
     </rule>

    <rule id="80338" level="3">
        <if_sid>80201</if_sid>
        <action>CreateImage</action>
        <description>Amazon-ec2: Create Image</description>
        <group>amazon,pci_dss_10.6.1,</group>
    </rule>

    <rule id="80339" level="5">
        <if_sid>80338</if_sid>
        <match>"errorCode":"Client.UnauthorizedOperation"</match>
        <description>Amazon-ec2: Create Image Unauthorized</description>
        <group>amazon,pci_dss_10.6.1,</group>
    </rule>

    <rule id="80340" level="3">
        <if_sid>80201</if_sid>
        <action>RebootInstances</action>
        <description>Amazon-ec2: Reboot Instances</description>
        <group>amazon,pci_dss_10.6.1,</group>
    </rule>

    <rule id="80341" level="5">
        <if_sid>80340</if_sid>
        <match>"errorCode":"Client.UnauthorizedOperation"</match>
        <description>Amazon-ec2: Reboot Instances Unauthorized</description>
        <group>amazon,pci_dss_10.6.1,</group>
    </rule>

    <rule id="80342" level="5">
        <if_sid>80340</if_sid>
        <match>"errorCode":"</match>
        <description>Amazon-ec2: Reboot Instances error</description>
        <group>amazon,pci_dss_10.6.1,</group>
    </rule>

    <!-- images section -->

    <rule id="80350" level="3">
        <if_sid>80201</if_sid>
        <action>CreateImage</action>
        <description>Amazon-ec2: Create AMI</description>
        <group>amazon,pci_dss_10.6.1,</group>
    </rule>

    <rule id="80351" level="5">
        <if_sid>80350</if_sid>
        <match>"errorCode":"Client.UnauthorizedOperation"</match>
        <description>Amazon-ec2: Create AMI Unauthorized</description>
        <group>amazon,pci_dss_10.6.1,</group>
    </rule>

    <rule id="80352" level="5">
        <if_sid>80350</if_sid>
        <match>"errorCode":"</match>
        <description>Amazon-ec2: Create AMI error</description>
        <group>amazon,</group>
    </rule>

    <rule id="80353" level="3">
        <if_sid>80201</if_sid>
        <action>DeregisterImage</action>
        <description>Amazon-ec2: Deregister AMI</description>
        <group>amazon,</group>
    </rule>

    <rule id="80354" level="5">
        <if_sid>80353</if_sid>
        <match>"errorCode":"Client.UnauthorizedOperation"</match>
        <description>Amazon-ec2: Deregister AMI Unauthorized</description>
        <group>amazon,pci_dss_10.6.1,</group>
    </rule>

    <rule id="80355" level="5">
        <if_sid>80353</if_sid>
        <match>"errorCode":"</match>
        <description>Amazon-ec2: Deregister Image error</description>
        <group>amazon,</group>
    </rule>

    <rule id="80356" level="3">
        <if_sid>80201</if_sid>
        <action>ModifyImageAttribute</action>
        <description>Amazon-ec2: Modify Image Attribute</description>
        <group>amazon,</group>
    </rule>

    <rule id="80357" level="5">
        <if_sid>80356</if_sid>
        <match>"errorCode":"Client.UnauthorizedOperation"</match>
        <description>Amazon-ec2: Modify Image Attribute Unauthorized</description>
        <group>amazon,pci_dss_10.6.1,</group>
    </rule>

    <rule id="80358" level="5">
        <if_sid>80356</if_sid>
        <match>"errorCode":"</match>
        <description>Amazon-ec2: Modify Image Attribute error</description>
        <group>amazon,</group>
    </rule>

    <rule id="80359" level="3">
        <if_sid>80201</if_sid>
        <action>RegisterImage</action>
        <description>Amazon-ec2: Register Image</description>
        <group>amazon,</group>
    </rule>

    <rule id="80360" level="5">
        <if_sid>80359</if_sid>
        <match>"errorCode":"Client.InvalidManifest"</match>
        <description>Amazon-ec2: Register Image Invalid Manifest</description>
        <group>amazon,</group>
    </rule>

    <rule id="80361" level="5">
        <if_sid>80359</if_sid>
        <match>"errorCode":"Client.UnauthorizedOperation"</match>
        <description>Amazon-ec2: Register Image Unauthorized</description>
        <group>amazon,pci_dss_10.6.1,</group>
    </rule>

    <rule id="80362" level="5">
        <if_sid>80359</if_sid>
        <match>"errorCode":"</match>
        <description>Amazon-ec2: Register Image error</description>
        <group>amazon,</group>
    </rule>

    <!-- volumes section -->

    <rule id="80370" level="3">
        <if_sid>80201</if_sid>
        <action>CreateVolume</action>
        <description>Amazon-ec2: Create Volume</description>
        <group>amazon,pci_dss_10.6.1,</group>
    </rule>

    <rule id="80371" level="5">
        <if_sid>80370</if_sid>
        <match>"errorCode":"Client.UnauthorizedOperation"</match>
        <description>Amazon-ec2: Create Volume Unauthorized</description>
        <group>amazon,pci_dss_10.6.1,</group>
    </rule>

    <rule id="80372" level="5">
        <if_sid>80370</if_sid>
        <match>"errorCode":"</match>
        <description>Amazon-ec2: Create Volume error</description>
        <group>amazon,</group>
    </rule>

    <rule id="80373" level="3">
        <if_sid>80201</if_sid>
        <action>AttachVolume</action>
        <description>Amazon-ec2: Attach Volume</description>
        <group>amazon,pci_dss_10.6.1,</group>
    </rule>

    <rule id="80374" level="5">
        <if_sid>80373</if_sid>
        <match>"errorCode":"Client.UnauthorizedOperation"</match>
        <description>Amazon-ec2: Attach Volume Unauthorized</description>
        <group>amazon,pci_dss_10.6.1,</group>
    </rule>

    <rule id="80375" level="5">
        <if_sid>80373</if_sid>
        <match>"errorCode":"</match>
        <description>Amazon-ec2: Attach Volume error</description>
        <group>amazon,</group>
    </rule>

    <rule id="80376" level="3">
        <if_sid>80201</if_sid>
        <action>DetachVolume</action>
        <description>Amazon-ec2: Detach Volume</description>
        <group>amazon,</group>
    </rule>

    <rule id="80377" level="5">
        <if_sid>80376</if_sid>
        <match>"errorCode":"Client.UnauthorizedOperation"</match>
        <description>Amazon-ec2: Detach Volume Unauthorized</description>
        <group>amazon,pci_dss_10.6.1,</group>
    </rule>

    <rule id="80378" level="5">
        <if_sid>80377</if_sid>
        <match>"errorCode":"</match>
        <description>Amazon-ec2: Create Volume error</description>
        <group>amazon,</group>
    </rule>

    <rule id="80379" level="3">
        <if_sid>80201</if_sid>
        <action>CreateSnapshot</action>
        <description>Amazon-ec2: Create Snapshot</description>
        <group>amazon,</group>
    </rule>

    <rule id="80380" level="5">
        <if_sid>80379</if_sid>
        <match>"errorCode":"Client.UnauthorizedOperation"</match>
        <description>Amazon-ec2: Create Snapshot Unauthorized</description>
        <group>amazon,</group>
    </rule>

    <rule id="80381" level="5">
        <if_sid>80379</if_sid>
        <match>"errorCode":"</match>
        <description>Amazon-ec2: Create Snapshot error</description>
        <group>amazon,</group>
    </rule>

    <rule id="80382" level="3">
        <if_sid>80201</if_sid>
        <action>ModifyVolumeAttribute</action>
        <description>Amazon-ec2: Modify Volume Attribute</description>
        <group>amazon,</group>
    </rule>

    <rule id="80383" level="5">
        <if_sid>80382</if_sid>
        <match>"errorCode":"Client.UnauthorizedOperation"</match>
        <description>Amazon-ec2: Modify Volume Attribute Unauthorized</description>
        <group>amazon,</group>
    </rule>

    <rule id="80384" level="5">
        <if_sid>80382</if_sid>
        <match>"errorCode":"</match>
        <description>Amazon-ec2: Modify Volume Attribute error</description>
        <group>amazon,</group>
    </rule>

    <rule id="80385" level="3">
        <if_sid>80201</if_sid>
        <action>CreateTags</action>
        <description>Amazon-ec2-vpc: Create Tags</description>
        <group>amazon,</group>
    </rule>

    <rule id="80386" level="5">
        <if_sid>80384</if_sid>
        <match>"errorCode":"Client.UnauthorizedOperation"</match>
        <description>Amazon-ec2-vpc: Create Tags Unauthorized</description>
        <group>amazon,pci_dss_10.6.1,</group>
    </rule>

    <rule id="80387" level="5">
        <if_sid>80384</if_sid>
        <match>"errorCode":"</match>
        <description>Amazon-ec2-vpc: Create Tags error</description>
        <group>amazon,</group>
    </rule>

    <rule id="80388" level="3">
        <if_sid>80201</if_sid>
        <action>DeleteTags</action>
        <description>Amazon-ec2-vpc: Delete Tags</description>
        <group>amazon,</group>
    </rule>

    <rule id="80389" level="5">
        <if_sid>80388</if_sid>
        <match>"errorCode":"Client.UnauthorizedOperation"</match>
        <description>Amazon-ec2-vpc: Delete Tags Unauthorized</description>
        <group>amazon,pci_dss_10.6.1,</group>
    </rule>

    <rule id="80390" level="5">
        <if_sid>80388</if_sid>
        <match>"errorCode":"</match>
        <description>Amazon-ec2-vpc: Delete Tags error</description>
        <group>amazon,</group>
    </rule>

    <rule id="80391" level="3">
        <if_sid>80201</if_sid>
        <action>DeleteVolume</action>
        <description>Amazon-ec2: Delete Volume</description>
        <group>amazon,pci_dss_10.6.1,</group>
    </rule>

    <rule id="80392" level="5">
        <if_sid>80391</if_sid>
        <match>"errorCode":"Client.UnauthorizedOperation"</match>
        <description>Amazon-ec2: Delete Volume Unauthorized</description>
        <group>amazon,pci_dss_10.6.1,</group>
    </rule>

    <rule id="80393" level="5">
        <if_sid>80391</if_sid>
        <match>"errorCode":"</match>
        <description>Amazon-ec2: Delete Volume error</description>
        <group>amazon,</group>
    </rule>

    <rule id="80394" level="3">
        <if_sid>80201</if_sid>
        <action>ModifySnapshotAttribute</action>
        <description>Amazon-ec2: Modify Snapshot Attribute</description>
        <group>amazon,</group>
    </rule>

    <rule id="80395" level="5">
        <if_sid>80394</if_sid>
        <match>"errorCode":"Client.UnauthorizedOperation"</match>
        <description>Amazon-ec2: Modify Snapshot Attribute Unauthorized</description>
        <group>amazon,pci_dss_10.6.1,</group>
    </rule>

    <rule id="80396" level="5">
        <if_sid>80394</if_sid>
        <match>"errorCode":"</match>
        <description>Amazon-ec2: Modify Snapshot Attribute error</description>
        <group>amazon,</group>
    </rule>

    <rule id="80397" level="3">
        <if_sid>80201</if_sid>
        <action>CopySnapshot</action>
        <description>Amazon-ec2: Copy Snapshot</description>
        <group>amazon,</group>
    </rule>

    <rule id="80398" level="5">
        <if_sid>80397</if_sid>
        <match>"errorCode":"Client.UnauthorizedOperation"</match>
        <description>Amazon-ec2: Copy Snapshot Unauthorized</description>
        <group>amazon,pci_dss_10.6.1,</group>
    </rule>

    <rule id="80399" level="5">
        <if_sid>80397</if_sid>
        <match>"errorCode":"</match>
        <description>Amazon-ec2: Copy Snapshot error</description>
        <group>amazon,</group>
    </rule>

    <rule id="80400" level="3">
        <if_sid>80201</if_sid>
        <action>DeleteSnapshot</action>
        <description>Amazon-ec2: Delete Snapshot</description>
        <group>amazon,</group>
    </rule>

    <rule id="80401" level="5">
        <if_sid>80400</if_sid>
        <match>"errorCode":"Client.UnauthorizedOperation"</match>
        <description>Amazon-ec2: Delete Snapshot Unauthorized</description>
        <group>amazon,pci_dss_10.6.1,</group>
    </rule>

    <rule id="80402" level="5">
        <if_sid>80400</if_sid>
        <match>"errorCode":"Client.InvalidSnapshot.InUse"</match>
        <description>Amazon-ec2: Delete Snapshot Invalid in use</description>
        <group>amazon,</group>
    </rule>

    <rule id="80403" level="5">
        <if_sid>80400</if_sid>
        <match>"errorCode":"</match>
        <description>Amazon-ec2: Delete Snapshot error</description>
        <group>amazon,</group>
    </rule>

    <rule id="80404" level="3">
        <if_sid>80201</if_sid>
        <action>CreateSecurityGroup</action>
        <description>Amazon-ec2: Create Security Group</description>
        <group>amazon,pci_dss_10.6.1,</group>
    </rule>

    <rule id="80405" level="5">
        <if_sid>80404</if_sid>
        <match>"errorCode":"Client.UnauthorizedOperation"</match>
        <description>Amazon-ec2: Create Security Group Snapshot Unauthorized</description>
        <group>amazon,pci_dss_10.6.1,</group>
    </rule>

    <rule id="80406" level="5">
        <if_sid>80404</if_sid>
        <match>"errorCode":"Client.InvalidParameterValue"</match>
        <description>Amazon-ec2: Create Security Group Invalid Parameter Value</description>
        <group>amazon,pci_dss_10.6.1,</group>
    </rule>

    <rule id="80407" level="5">
        <if_sid>80404</if_sid>
        <match>"errorCode":"</match>
        <description>Amazon-ec2: Create Security Group error</description>
        <group>amazon,pci_dss_10.6.1,</group>
    </rule>

    <rule id="80408" level="3">
        <if_sid>80201</if_sid>
        <action>DeleteSecurityGroup</action>
        <description>Amazon-ec2: Delete Security Group</description>
        <group>amazon,pci_dss_10.6.1,</group>
    </rule>

    <rule id="80409" level="5">
        <if_sid>80408</if_sid>
        <match>"errorCode":"Client.UnauthorizedOperation"</match>
        <description>Amazon-ec2: Delete Security Group Snapshot Unauthorized</description>
        <group>amazon,pci_dss_10.6.1,</group>
    </rule>

    <rule id="80410" level="5">
        <if_sid>80408</if_sid>
        <match>"errorCode":"</match>
        <description>Amazon-ec2: Delete Security Group error</description>
        <group>amazon,</group>
    </rule>

    <rule id="80411" level="3">
        <if_sid>80201</if_sid>
        <action>AllocateAddress</action>
        <description>Amazon-ec2: Allocate Address</description>
        <group>amazon,</group>
    </rule>

    <rule id="80412" level="5">
        <if_sid>80411</if_sid>
        <match>"errorCode":"Client.UnauthorizedOperation"</match>
        <description>Amazon-ec2: Allocate Address Unauthorized</description>
        <group>amazon,pci_dss_10.6.1,</group>
    </rule>

    <rule id="80413" level="5">
        <if_sid>80411</if_sid>
        <match>"errorCode":"Client.AddressLimitExceeded"</match>
        <description>Amazon-ec2: Allocate Address Limit Exceeded</description>
        <group>amazon,pci_dss_10.6.1,</group>
    </rule>

    <rule id="80414" level="5">
        <if_sid>80411</if_sid>
        <match>"errorCode":"</match>
        <description>Amazon-ec2: Allocate Address error</description>
        <group>amazon,</group>
    </rule>

    <rule id="80415" level="3">
        <if_sid>80201</if_sid>
        <action>DisassociateAddress</action>
        <description>Amazon-ec2: Disassociate Address</description>
        <group>amazon,</group>
    </rule>

    <rule id="80416" level="5">
        <if_sid>80415</if_sid>
        <match>"errorCode":"Client.MissingParameter"</match>
        <description>Amazon-ec2: Disassociate Address Missing Parameter</description>
        <group>amazon,</group>
    </rule>

    <rule id="80417" level="5">
        <if_sid>80415</if_sid>
        <match>"errorCode":"Client.InvalidAssociationID.NotFound"</match>
        <description>Amazon-ec2: Disassociate Address Invalid Association ID Not Found</description>
        <group>amazon,</group>
    </rule>

    <rule id="80418" level="5">
        <if_sid>80415</if_sid>
        <match>"errorCode":"Client.InvalidParameterValue"</match>
        <description>Amazon-ec2: Disassociate Address Invalid Parameter Value</description>
        <group>amazon,</group>
    </rule>

    <rule id="80419" level="5">
        <if_sid>80415</if_sid>
        <match>"errorCode":"</match>
        <description>Amazon-ec2: Disassociate Address error</description>
        <group>amazon,</group>
    </rule>

    <rule id="80420" level="3">
        <if_sid>80201</if_sid>
        <action>CreatePlacementGroup</action>
        <description>Amazon-ec2: Create Placement Group</description>
        <group>amazon,</group>
    </rule>

    <rule id="80421" level="5">
        <if_sid>80420</if_sid>
        <match>"errorCode":"Client.UnauthorizedOperation"</match>
        <description>Amazon-ec2: Create Plazament Group Unauthorized Operation</description>
        <group>amazon,pci_dss_10.6.1,</group>
    </rule>

    <rule id="80422" level="5">
        <if_sid>80420</if_sid>
        <match>"errorCode":"</match>
        <description>Amazon-ec2: Create Plazament Group error</description>
        <group>amazon,pci_dss_10.6.1,</group>
    </rule>

    <rule id="80423" level="3">
        <if_sid>80201</if_sid>
        <action>DeletePlacementGroup</action>
        <description>Amazon-ec2: Delete Placement Group</description>
        <group>amazon,pci_dss_10.6.1,</group>
    </rule>

    <rule id="80424" level="5">
        <if_sid>80423</if_sid>
        <match>"errorCode":"Client.UnauthorizedOperation"</match>
        <description>Amazon-ec2: Delete Plazament Group Unauthorized Operation</description>
        <group>amazon,</group>
    </rule>

    <rule id="80425" level="5">
        <if_sid>80423</if_sid>
        <match>"errorCode":"</match>
        <description>Amazon-ec2: Delete Plazament Group error</description>
        <group>amazon,</group>
    </rule>

    <rule id="80426" level="3">
        <if_sid>80201</if_sid>
        <action>AuthorizeSecurityGroupIngress</action>
        <description>Amazon-ec2: Authorize Security GroupIngress</description>
        <group>amazon,pci_dss_10.6.1,</group>
    </rule>

    <rule id="80427" level="5">
        <if_sid>80426</if_sid>
        <match>"errorCode":"Client.UnauthorizedOperation"</match>
        <description>Amazon-ec2: Authorize Security Group Ingress Unauthorized Operation</description>
        <group>amazon,pci_dss_10.6.1,</group>
    </rule>

    <rule id="80428" level="5">
        <if_sid>80426</if_sid>
        <match>"errorCode":"Client.InvalidParameterValue"</match>
        <description>Amazon-ec2: Authorize Security Group Ingress Invalid Parameter Value</description>
        <group>amazon,pci_dss_10.6.1,</group>
    </rule>

    <rule id="80429" level="5">
        <if_sid>80426</if_sid>
        <match>"errorCode":"Client.MissingParameter"</match>
        <description>Amazon-ec2: Authorize Security Group Ingress Missing Parameter</description>
        <group>amazon,pci_dss_10.6.1,</group>
    </rule>

    <rule id="80430" level="5">
        <if_sid>80426</if_sid>
        <match>"errorCode":"Client.InvalidGroupId.Malformed"</match>
        <description>Amazon-ec2: Authorize Security Group Invalid GroupId Malformed</description>
        <group>amazon,pci_dss_10.6.1,</group>
    </rule>

    <rule id="80431" level="5">
        <if_sid>80426</if_sid>
        <match>"errorCode":"Client.InvalidGroup.NotFound"</match>
        <description>Amazon-ec2: Authorize Security Group Invalid Group Not found</description>
        <group>amazon,pci_dss_10.6.1,</group>
    </rule>

    <rule id="80432" level="5">
        <if_sid>80426</if_sid>
        <match>"errorCode":"</match>
        <description>Amazon-ec2: Authorize Security Group error</description>
        <group>amazon,pci_dss_10.6.1,</group>
    </rule>

    <rule id="80433" level="3">
        <if_sid>80201</if_sid>
        <action>RevokeSecurityGroupIngress</action>
        <description>Amazon-ec2: Revoke Security GroupIngress</description>
        <group>amazon,pci_dss_10.6.1,</group>
    </rule>

    <rule id="80434" level="5">
        <if_sid>80433</if_sid>
        <match>"errorCode":"Client.UnauthorizedOperation"</match>
        <description>Amazon-ec2: Revoke Security Group Ingress Unauthorized Operation</description>
        <group>amazon,pci_dss_10.6.1,</group>
    </rule>

   <rule id="80435" level="5">
        <if_sid>80433</if_sid>
        <match>"errorCode":"Client.InvalidParameterValue"</match>
        <description>Amazon-ec2: Revoke Security Group Ingress Invalid Parameter Value</description>
        <group>amazon,pci_dss_10.6.1,</group>
    </rule>

   <rule id="80436" level="5">
        <if_sid>80433</if_sid>
        <match>"errorCode":"Client.MissingParameter"</match>
        <description>Amazon-ec2: Revoke Security Group Ingress Missing Parameter</description>
        <group>amazon,pci_dss_10.6.1,</group>
    </rule>

   <rule id="80437" level="5">
        <if_sid>80433</if_sid>
        <match>"errorCode":"Client.InvalidGroupId.Malformed"</match>
        <description>Amazon-ec2: Revoke Security Group Ingress Invalid Group ID Malformed</description>
        <group>amazon,pci_dss_10.6.1,</group>
    </rule>

   <rule id="80438" level="5">
        <if_sid>80433</if_sid>
        <match>"errorCode":"Client.InvalidGroup.NotFound"</match>
        <description>Amazon-ec2: Revoke Security Group Ingress Invalid Group Not Found</description>
        <group>amazon,pci_dss_10.6.1,</group>
    </rule>

   <rule id="80439" level="5">
        <if_sid>80433</if_sid>
        <match>"errorCode":"</match>
        <description>Amazon-ec2: Revoke Security Group error</description>
        <group>amazon,pci_dss_10.6.1,</group>
    </rule>

    <rule id="80440" level="3">
        <if_sid>80201</if_sid>
        <action>CreateLoadBalancer</action>
        <description>Amazon-ec2: Create Load Balancer</description>
        <group>amazon,pci_dss_10.6.1,</group>
    </rule>

    <rule id="80441" level="5">
        <if_sid>80440</if_sid>
        <match>"errorCode":"AccessDenied"</match>
        <description>Amazon-ec2: Create Load Balancer Access Denied</description>
        <group>amazon,pci_dss_10.2.4,</group>
    </rule>

   <rule id="80442" level="5">
        <if_sid>80440</if_sid>
        <match>"errorCode":"</match>
        <description>Amazon-ec2: Create Load Balancer error</description>
        <group>amazon,</group>
    </rule>

    <rule id="80443" level="3">
        <if_sid>80201</if_sid>
        <action>DeleteLoadBalancer</action>
        <description>Amazon-ec2: Delete Load Balancer</description>
        <group>amazon,pci_dss_10.6.1,</group>
    </rule>

    <rule id="80444" level="5">
        <if_sid>80443</if_sid>
        <match>"errorCode":"AccessDenied"</match>
        <description>Amazon-ec2: Delete Load Balancer Access Denied</description>
        <group>amazon,pci_dss_10.2.4,</group>
    </rule>

   <rule id="80445" level="5">
        <if_sid>80443</if_sid>
        <match>"errorCode":"</match>
        <description>Amazon-ec2: Delete Load Balancer error</description>
        <group>amazon,</group>
    </rule>

    <rule id="80446" level="3">
        <if_sid>80201</if_sid>
        <action>AssociateAddress</action>
        <description>Amazon-ec2: Associate Elastic IP's Address</description>
        <group>amazon,pci_dss_10.6.1,</group>
    </rule>

    <rule id="80447" level="5">
        <if_sid>80445</if_sid>
        <match>"errorCode":"AccessDenied"</match>
        <description>Amazon-ec2: Associate Elastic IP's Address Access Denied</description>
        <group>amazon,pci_dss_10.2.4,</group>
    </rule>

   <rule id="80448" level="5">
        <if_sid>80445</if_sid>
        <match>"errorCode":"</match>
        <description>Amazon-ec2: Associate Elastic IP's Address error</description>
        <group>amazon,</group>
    </rule>

</group>


<group name="amazon-vpc,">

    <rule id="81000" level="3">
        <if_sid>80201</if_sid>
        <action>CreateVpc</action>
        <description>Amazon-vpc: Vpc Created</description>
        <group>amazon,pci_dss_10.6.1,</group>
    </rule>

    <rule id="81001" level="5">
        <if_sid>81000</if_sid>
        <match>"errorCode":"Client.UnauthorizedOperation"</match>
        <description>Amazon-Vpc: Vpc Created Unauthorized Operation</description>
        <group>amazon,pci_dss_10.6.1,</group>
    </rule>

    <rule id="81002" level="5">
        <if_sid>81000</if_sid>
        <match>"errorCode":"Client.VpcLimitExceeded"</match>
        <description>Amazon-Vpc: Vpc Limit Exceeded</description>
        <group>amazon,pci_dss_10.6.1,</group>
    </rule>

    <rule id="81003" level="5">
        <if_sid>81000</if_sid>
        <match>"errorCode":"</match>
        <description>Amazon-vpc: Vpc create error</description>
        <group>amazon,</group>
     </rule>

   <rule id="81004" level="3">
        <if_sid>80201</if_sid>
        <action>AssociateDhcpOptions</action>
        <description>Amazon-vpc: Asssociate Dhcp Options</description>
        <group>amazon,pci_dss_10.6.1,</group>
    </rule>

    <rule id="81005" level="5">
        <if_sid>81004</if_sid>
        <match>"errorCode":"Client.UnauthorizedOperation"</match>
        <description>Amazon-Vpc: Associate Dhcp Options Unauthorized Operation</description>
        <group>amazon,pci_dss_10.6.1,</group>
    </rule>

    <rule id="81006" level="5">
        <if_sid>81004</if_sid>
        <match>"errorCode":"</match>
        <description>Amazon-vpc: Associate Dhcp Options error</description>
        <group>amazon,</group>
     </rule>

    <rule id="81007" level="3">
        <if_sid>80201</if_sid>
        <action>CreateSubnet</action>
        <description>Amazon-vpc: Crete Subnet</description>
        <group>amazon,pci_dss_10.6.1,</group>
    </rule>

    <rule id="81008" level="5">
        <if_sid>81007</if_sid>
        <match>"errorCode":"Client.UnauthorizedOperation"</match>
        <description>Amazon-Vpc: Crete Subnet Unauthorized Operation</description>
        <group>amazon,pci_dss_10.6.1,</group>
    </rule>

    <rule id="81009" level="5">
        <if_sid>81007</if_sid>
        <match>"errorCode":"Client.InvalidSubnet.Range"</match>
        <description>Amazon-Vpc: Crete Subnet Invalid Subnet range</description>
        <group>amazon,pci_dss_10.6.1,</group>
    </rule>

    <rule id="81010" level="5">
        <if_sid>81007</if_sid>
        <match>"errorCode":"</match>
        <description>Amazon-vpc: Crete Subnet  error</description>
        <group>amazon,</group>
     </rule>

    <rule id="81011" level="3">
        <if_sid>80201</if_sid>
        <action>ModifySubnetAttribute</action>
        <description>Amazon-vpc: Modify Subnet Attribute</description>
        <group>amazon,pci_dss_10.6.1,</group>
    </rule>

    <rule id="81012" level="5">
        <if_sid>81011</if_sid>
        <match>"errorCode":"Client.UnauthorizedOperation"</match>
        <description>Amazon-Vpc: Crete Subnet Unauthorized Operation</description>
        <group>amazon,pci_dss_10.6.1,</group>
    </rule>

    <rule id="81013" level="5">
        <if_sid>81011</if_sid>
        <match>"errorCode":"</match>
        <description>Amazon-vpc: Modify Subnet Attribute error</description>
        <group>amazon,</group>
     </rule>

    <rule id="81014" level="3">
        <if_sid>80201</if_sid>
        <action>CreateRouteTable</action>
        <description>Amazon-vpc: Create Route Table</description>
        <group>amazon,pci_dss_10.6.1,</group>
    </rule>

    <rule id="81015" level="5">
        <if_sid>81014</if_sid>
        <match>"errorCode":"Client.UnauthorizedOperation"</match>
        <description>Amazon-Vpc: Create Route Table Unauthorized Operation</description>
        <group>amazon,pci_dss_10.6.1,</group>
    </rule>

   <rule id="81016" level="5">
        <if_sid>81014</if_sid>
        <match>"errorCode":"</match>
        <description>Amazon-vpc: Create Route Table error</description>
        <group>amazon,</group>
     </rule>

    <rule id="81017" level="3">
        <if_sid>80201</if_sid>
        <action>AssociateRouteTable</action>
        <description>Amazon-vpc: Associate Route Table</description>
        <group>amazon,pci_dss_10.6.1,</group>
    </rule>

    <rule id="81018" level="5">
        <if_sid>81017</if_sid>
        <match>"errorCode":"Client.UnauthorizedOperation"</match>
        <description>Amazon-Vpc: Associate Route Table Unauthorized Operation</description>
        <group>amazon,pci_dss_10.6.1,</group>
    </rule>

    <rule id="81019" level="5">
        <if_sid>81017</if_sid>
        <match>"errorCode":"</match>
        <description>Amazon-vpc: Create Route Table error</description>
        <group>amazon,</group>
     </rule>

    <rule id="81020" level="3">
        <if_sid>80201</if_sid>
        <action>DisassociateRouteTable</action>
        <description>Amazon-vpc: Disassociate Route Table</description>
        <group>amazon,pci_dss_10.6.1,</group>
    </rule>

    <rule id="81021" level="5">
        <if_sid>81020</if_sid>
        <match>"errorCode":"Client.UnauthorizedOperation"</match>
        <description>Amazon-Vpc: Disassociate Route Table Unauthorized Operation</description>
        <group>amazon,pci_dss_10.6.1,</group>
    </rule>

    <rule id="81022" level="5">
        <if_sid>81020</if_sid>
        <match>"errorCode":"</match>
        <description>Amazon-vpc: Create Route Table error</description>
        <group>amazon,</group>
     </rule>
</group>
