<!--
  -  Amazon IAM rules
  -  Created by Wazuh, Inc. <support@wazuh.com>.
  -  This program is a free software; you can redistribute it and/or modify it under the terms of GPLv2.
-->

<!-- ID: 80800 - 80999 -->

<group name="amazon-iam,">

    <rule id="80801" level="3">
        <if_sid>80202</if_sid>
        <action>ConsoleLogin</action>
        <description>Amazon-signin: User Login Success</description>
        <group>amazon,authentication_success,pci_dss_10.2.5,</group>
    </rule>

    <rule id="80802" level="5">
        <if_sid>80801</if_sid>
        <match>'ConsoleLogin': u'Failure'</match>
        <description>Amazon-signin: User Login failed</description>
        <group>amazon,authentication_failed,pci_dss_10.2.4,pci_dss_10.2.5,</group>
    </rule>

    <rule id="80803" level="10" frequency="4" timeframe="360">
        <if_matched_sid>80802</if_matched_sid>
        <description>Possible breakin attempt (high number of login attempts).</description>
        <group>amazon,authentication_failures,pci_dss_11.4,pci_dss_10.2.4,pci_dss_10.2.5,</group>
    </rule>

    <rule id="80861" level="3">
        <if_sid>80202</if_sid>
        <action>CreateUser</action>
        <description>Amazon-iam: User created</description>
        <group>amazon,pci_dss_10.2.5,</group>
    </rule>

    <rule id="80862" level="5">
        <if_sid>80861</if_sid>
        <match>"errorCode":"AccessDenied"</match>
        <description>Amazon-iam: User creation denied</description>
        <group>amazon,pci_dss_10.2.4,pci_dss_10.2.5,</group>
    </rule>

    <rule id="80863" level="5">
        <if_sid>80861</if_sid>
        <match>"errorCode":"</match>
        <description>Amazon-iam: User creation error</description>
        <group>amazon,pci_dss_10.2.5,</group>
    </rule>

    <rule id="80864" level="3">
        <if_sid>80202</if_sid>
        <action>AddUserToGroup</action>
        <description>Amazon-iam: User added to a group</description>
        <group>amazon,pci_dss_10.2.5,</group>
    </rule>

    <rule id="80865" level="5">
        <if_sid>80864</if_sid>
        <match>"errorCode":"AccessDenied"</match>
        <description>Amazon-iam: User added to a group denied</description>
        <group>amazon,pci_dss_10.2.4,pci_dss_10.2.5,</group>
    </rule>

    <rule id="80866" level="5">
        <if_sid>80864</if_sid>
        <match>"errorCode":"</match>
        <description>Amazon-iam: User added to a group error</description>
        <group>amazon,pci_dss_10.2.5,</group>
    </rule>

    <rule id="80867" level="3">
        <if_sid>80202</if_sid>
        <action>RemoveUserFromGroup</action>
        <description>Amazon-iam: User removed from a group</description>
        <group>amazon,pci_dss_10.2.5,</group>
    </rule>

    <rule id="80868" level="5">
        <if_sid>80867</if_sid>
        <match>"errorCode":"AccessDenied"</match>
        <description>Amazon-iam: User removed from a group denied</description>
        <group>amazon,pci_dss_10.2.4,pci_dss_10.2.5,</group>
    </rule>

    <rule id="80869" level="5">
        <if_sid>80867</if_sid>
        <match>"errorCode":"</match>
        <description>Amazon-iam: User removed from a group error</description>
        <group>amazon,pci_dss_10.2.5,</group>
    </rule>

    <rule id="80870" level="2">
        <if_sid>80202</if_sid>
        <action>UpdateAccessKey</action>
        <description>Amazon-iam: Access key updated</description>
        <group>amazon,pci_dss_10.6.1,</group>
    </rule>

    <rule id="80871" level="5">
        <if_sid>80870</if_sid>
        <match>"errorCode":"AccessDenied"</match>
        <description>Amazon-iam: Access key updated denied</description>
        <group>amazon,pci_dss_10.6.1,</group>
    </rule>

    <rule id="80872" level="5">
        <if_sid>80870</if_sid>
        <match>"errorCode":"</match>
        <description>Amazon-iam: Access key updated error</description>
        <group>amazon,pci_dss_10.6.1,</group>
    </rule>

    <rule id="80873" level="2">
        <if_sid>80202</if_sid>
        <action>AttachGroupPolicy</action>
        <description>Amazon-iam: Group policy attached to a group</description>
        <group>amazon,pci_dss_10.2.5,</group>
    </rule>

    <rule id="80874" level="5">
        <if_sid>80873</if_sid>
        <match>"errorCode":"AccessDenied"</match>
        <description>Amazon-iam: Group policy attached to a group denied</description>
        <group>amazon,pci_dss_10.2.4,pci_dss_10.2.5,</group>
    </rule>

    <rule id="80875" level="5">
        <if_sid>80873</if_sid>
        <match>"errorCode":"</match>
        <description>Amazon-iam: Group policy attached to a group error</description>
        <group>amazon,pci_dss_10.2.5,</group>
    </rule>

    <rule id="80876" level="3">
        <if_sid>80202</if_sid>
        <action>DetachGroupPolicy</action>
        <description>Amazon-iam: Group policy deattached to a group</description>
        <group>amazon,pci_dss_10.2.5,</group>
    </rule>

    <rule id="80877" level="5">
        <if_sid>80876</if_sid>
        <match>"errorCode":"AccessDenied"</match>
        <description>Amazon-iam: Group policy deattached to a group denied</description>
        <group>amazon,pci_dss_10.2.4,pci_dss_10.2.5,</group>
    </rule>

    <rule id="80878" level="5">
        <if_sid>80876</if_sid>
        <match>"errorCode":"</match>
        <description>Amazon-iam: Group policy deattached to a group error</description>
        <group>amazon,pci_dss_10.2.5,</group>
    </rule>

    <rule id="80879" level="2">
        <if_sid>80202</if_sid>
        <action>AttachUserPolicy</action>
        <description>Amazon-iam: User policy attached to a user</description>
        <group>amazon,pci_dss_10.2.5,</group>
    </rule>

    <rule id="80880" level="5">
        <if_sid>80879</if_sid>
        <match>"errorCode":"AccessDenied"</match>
        <description>Amazon-iam: User policy attached to a user denied</description>
        <group>amazon,pci_dss_10.2.4,pci_dss_10.2.5,</group>
    </rule>

    <rule id="80881" level="5">
        <if_sid>80879</if_sid>
        <match>"errorCode":"</match>
        <description>Amazon-iam: User policy attached to a user error</description>
        <group>amazon,pci_dss_10.2.5,</group>
    </rule>

    <rule id="80882" level="3">
        <if_sid>80202</if_sid>
        <action>DetachUserPolicy</action>
        <description>Amazon-iam: User policy deattached to a user</description>
        <group>amazon,pci_dss_10.2.5,</group>
    </rule>

    <rule id="80883" level="5">
        <if_sid>80882</if_sid>
        <match>"errorCode":"AccessDenied"</match>
        <description>Amazon-iam: User policy deattached to a user denied</description>
        <group>amazon,pci_dss_10.2.5,</group>
    </rule>

    <rule id="80884" level="5">
        <if_sid>80882</if_sid>
        <match>"errorCode":"</match>
        <description>Amazon-iam: User policy deattached to a user error</description>
        <group>amazon,pci_dss_10.2.5,</group>
    </rule>

    <rule id="80885" level="2">
        <if_sid>80202</if_sid>
        <action>AttachRolePolicy</action>
        <description>Amazon-iam: Rule policy attached to a user</description>
        <group>amazon,pci_dss_10.2.5,</group>
    </rule>

    <rule id="80886" level="5">
        <if_sid>80885</if_sid>
        <match>"errorCode":"AccessDenied"</match>
        <description>Amazon-iam: Rule policy attached to a user denied</description>
        <group>amazon,pci_dss_10.2.4,pci_dss_10.2.5,</group>
    </rule>

    <rule id="80887" level="5">
        <if_sid>80885</if_sid>
        <match>"errorCode":"</match>
        <description>Amazon-iam: Rule policy attached to a user error</description>
        <group>amazon,pci_dss_10.2.5,</group>
    </rule>

    <rule id="80888" level="3">
        <if_sid>80202</if_sid>
        <action>DetachRolePolicy</action>
        <description>Amazon-iam: Rule policy deattached to a user</description>
        <group>amazon,pci_dss_10.2.5,</group>
    </rule>

    <rule id="80889" level="5">
        <if_sid>80888</if_sid>
        <match>"errorCode":"AccessDenied"</match>
        <description>Amazon-iam: Rule policy deattached to a user denied</description>
        <group>amazon,pci_dss_10.2.4,pci_dss_10.2.5,</group>
    </rule>

    <rule id="80890" level="5">
        <if_sid>80888</if_sid>
        <match>"errorCode":"</match>
        <description>Amazon-iam: Rule policy deattached to a user error</description>
        <group>amazon,pci_dss_10.2.5,</group>
    </rule>

    <rule id="80891" level="2">
        <if_sid>80202</if_sid>
        <action>CreateGroup</action>
        <description>Amazon-iam: Group created</description>
        <group>amazon,pci_dss_10.2.5,</group>
    </rule>

    <rule id="80892" level="5">
        <if_sid>80891</if_sid>
        <match>"errorCode":"AccessDenied"</match>
        <description>Amazon-iam: Group creation denied</description>
        <group>amazon,pci_dss_10.2.4,pci_dss_10.2.5,</group>
    </rule>

    <rule id="80893" level="5">
        <if_sid>80891</if_sid>
        <match>"errorCode":"</match>
        <description>Amazon-iam: Group creation error</description>
        <group>amazon,pci_dss_10.2.5,</group>
    </rule>

    <rule id="80894" level="2">
        <if_sid>80202</if_sid>
        <action>CreateRole</action>
        <description>Amazon-iam: Role created</description>
        <group>amazon,pci_dss_10.2.5,</group>
    </rule>

    <rule id="80895" level="5">
        <if_sid>80894</if_sid>
        <match>"errorCode":"AccessDenied"</match>
        <description>Amazon-iam: Role creation denied</description>
        <group>amazon,pci_dss_10.2.4,pci_dss_10.2.5,</group>
    </rule>

    <rule id="80896" level="5">
        <if_sid>80894</if_sid>
        <match>"errorCode":"</match>
        <description>Amazon-iam: Role creation error</description>
        <group>amazon,pci_dss_10.2.5,</group>
    </rule>

    <rule id="80897" level="2">
        <if_sid>80202</if_sid>
        <action>CreatePolicy</action>
        <description>Amazon-iam: Policy created</description>
        <group>amazon,pci_dss_10.6.1,</group>
    </rule>

    <rule id="80898" level="5">
        <if_sid>80897</if_sid>
        <match>"errorCode":"AccessDenied"</match>
        <description>Amazon-iam: Policy creation denied</description>
        <group>amazon,pci_dss_10.6.1,</group>
    </rule>

    <rule id="80899" level="5">
        <if_sid>80897</if_sid>
        <match>"errorCode":"</match>
        <description>Amazon-iam: Policy creation error</description>
        <group>amazon,pci_dss_10.6.1,</group>
    </rule>

    <rule id="80900" level="2">
        <if_sid>80202</if_sid>
        <action>UpdateAccountPasswordPolicy</action>
        <description>Amazon-iam: Policy password account update</description>
        <group>amazon,pci_dss_10.6.1,</group>
    </rule>

    <rule id="80901" level="5">
        <if_sid>80900</if_sid>
        <match>"errorCode":"AccessDenied"</match>
        <description>Amazon-iam: Policy password account update denied</description>
        <group>amazon,pci_dss_10.6.1,</group>
    </rule>

    <rule id="80902" level="5">
        <if_sid>80900</if_sid>
        <match>"errorCode":"</match>
        <description>Amazon-iam: Policy password account update error</description>
        <group>amazon,pci_dss_10.6.1,</group>
    </rule>

    <rule id="80903" level="2">
        <if_sid>80202</if_sid>
        <action>CreateAccountAlias</action>
        <description>Amazon-iam: Account alias created</description>
        <group>amazon,pci_dss_10.2.5,</group>
    </rule>

    <rule id="80904" level="5">
        <if_sid>80903</if_sid>
        <match>"errorCode":"</match>
        <description>Amazon-iam: Create Account Alias error</description>
        <group>amazon,pci_dss_10.2.5,</group>
    </rule>

    <rule id="80905" level="3">
        <if_sid>80202</if_sid>
        <action>DeleteAccountAlias</action>
        <description>Amazon-iam: Account alias deleted</description>
        <group>amazon,pci_dss_10.2.5,</group>
    </rule>

    <rule id="80906" level="5">
        <if_sid>80905</if_sid>
        <match>"errorCode":"</match>
        <description>Amazon-iam: Delete account alias error</description>
        <group>amazon,pci_dss_10.2.5,</group>
    </rule>

    <rule id="80907" level="2">
        <if_sid>80202</if_sid>
        <action>UpdateInstanceAlias</action>
        <description>Amazon-iam: Account alias updated</description>
        <group>amazon,pci_dss_10.2.5,</group>
    </rule>

    <rule id="80908" level="5">
        <if_sid>80907</if_sid>
        <match>"errorCode":"</match>
        <description>Amazon-iam: Update Instance Alias error</description>
        <group>amazon,pci_dss_10.2.5,</group>
    </rule>

    <rule id="80909" level="2">
        <if_sid>80202</if_sid>
        <action>GetGroup</action>
        <description>Amazon-iam: Get Group</description>
        <group>amazon,pci_dss_10.2.5,</group>
    </rule>

    <rule id="80910" level="5">
        <if_sid>80909</if_sid>
        <match>"errorCode":"NoSuchEntityException"</match>
        <description>Amazon-iam: The group cant be found</description>
        <group>amazon,pci_dss_10.2.5,</group>
    </rule>

    <rule id="80911" level="5">
        <if_sid>80909</if_sid>
        <match>"errorCode":"</match>
        <description>Amazon-iam: Get group error</description>
        <group>amazon,pci_dss_10.2.5,</group>
    </rule>

    <rule id="80912" level="2">
        <if_sid>80202</if_sid>
        <action>ListGroups</action>
        <description>Amazon-iam: Get Group</description>
        <group>amazon,pci_dss_10.2.5,</group>
    </rule>

    <rule id="80913" level="5">
        <if_sid>80912</if_sid>
        <match>"errorCode":"NoSuchEntityException"</match>
        <description>Amazon-iam: The group cant be listed</description>
        <group>amazon,pci_dss_10.2.5,</group>
    </rule>

    <rule id="80914" level="5">
        <if_sid>80912</if_sid>
        <match>"errorCode":"</match>
        <description>Amazon-iam: List group error</description>
        <group>amazon,pci_dss_10.2.5,</group>
    </rule>

    <rule id="80915" level="2">
        <if_sid>80202</if_sid>
        <action>ListUsers</action>
        <description>Amazon-iam: List Users</description>
        <group>amazon,pci_dss_10.2.5,</group>
    </rule>

    <rule id="80916" level="5">
        <if_sid>80915</if_sid>
        <match>"errorCode":"NoSuchEntityException"</match>
        <description>Amazon-iam: The users cant be listed</description>
        <group>amazon,pci_dss_10.2.5,</group>
    </rule>

    <rule id="80917" level="5">
        <if_sid>80915</if_sid>
        <match>"errorCode":"</match>
        <description>Amazon-iam: List users error</description>
        <group>amazon,pci_dss_10.2.5,</group>
    </rule>
</group>
